Packet,Highest Layer,Transport Layer,Source IP,Dest IP,Source Port,Dest Port,Time,Packet Length,Packets/Time,target
1,TCP,TCP,31.205.250.227,10.1.27.135,80,50181,2018-02-21 17:19:26.587358,1456,1.038176071206687,0
2,TCP,TCP,10.1.27.135,31.205.250.227,50181,80,2018-02-21 17:19:26.587374,54,2.071996409590267,0
3,TCP,TCP,31.205.250.227,10.1.27.135,80,50184,2018-02-21 17:19:26.587825,1456,3.1031581013758016,0
4,TCP,TCP,31.205.250.227,10.1.27.135,80,50184,2018-02-21 17:19:26.588521,1456,4.128972303485032,0
5,TCP,TCP,10.1.27.135,31.205.250.227,50184,80,2018-02-21 17:19:26.588547,54,5.153229270383145,0
6,TCP,TCP,31.205.250.227,10.1.27.135,80,50179,2018-02-21 17:19:26.588935,1456,6.174422901120708,0
7,TCP,TCP,31.205.250.227,10.1.27.135,80,50179,2018-02-21 17:19:26.589356,1456,7.188519572960707,0
8,TCP,TCP,10.1.27.135,31.205.250.227,50179,80,2018-02-21 17:19:26.589371,54,8.202944602600882,0
9,TCP,TCP,31.205.250.227,10.1.27.135,80,50180,2018-02-21 17:19:26.591714,1456,9.20876743046294,0
10,TCP,TCP,31.205.250.227,10.1.27.135,80,50180,2018-02-21 17:19:26.592187,1456,10.21093025933737,0
11,TCP,TCP,10.1.27.135,31.205.250.227,50180,80,2018-02-21 17:19:26.592205,54,11.22070058752772,0
12,TCP,TCP,31.205.250.227,10.1.27.135,80,50182,2018-02-21 17:19:26.592604,1456,12.215446925584565,0
13,TCP,TCP,10.1.27.135,31.205.250.227,50182,80,2018-02-21 17:19:26.592621,66,13.220258634902716,0
14,TCP,TCP,31.205.250.227,10.1.27.135,80,50181,2018-02-21 17:19:26.593020,1456,14.207855274074673,0
15,TCP,TCP,31.205.250.227,10.1.27.135,80,50181,2018-02-21 17:19:26.593460,1456,15.19207123601518,0
16,TCP,TCP,10.1.27.135,31.205.250.227,50181,80,2018-02-21 17:19:26.593475,54,16.171671792642453,0
17,TCP,TCP,31.205.250.227,10.1.27.135,80,50183,2018-02-21 17:19:26.594331,1456,17.14817335576045,0
18,TCP,TCP,10.1.27.135,31.205.250.227,50183,80,2018-02-21 17:19:26.594347,66,18.13803192160264,0
19,TCP,TCP,31.205.250.227,10.1.27.135,80,50183,2018-02-21 17:19:26.594748,1456,19.10729192241591,0
20,TCP,TCP,10.1.27.135,31.205.250.227,50183,80,2018-02-21 17:19:26.594763,66,20.072440273384625,0
21,TCP,TCP,31.205.250.227,10.1.27.135,80,50184,2018-02-21 17:19:26.595183,1456,21.034106483028193,0
22,TCP,TCP,31.205.250.227,10.1.27.135,80,50184,2018-02-21 17:19:26.595602,1456,21.991542730707017,0
23,TCP,TCP,10.1.27.135,31.205.250.227,50184,80,2018-02-21 17:19:26.595616,54,22.94448646339642,0
24,TCP,TCP,31.205.250.227,10.1.27.135,80,50179,2018-02-21 17:19:26.596020,1456,23.894839562538884,0
25,TCP,TCP,31.205.250.227,10.1.27.135,80,50179,2018-02-21 17:19:26.597018,1456,24.84067937946629,0
26,TCP,TCP,10.1.27.135,31.205.250.227,50179,80,2018-02-21 17:19:26.597034,54,25.783292198213665,0
27,TCP,TCP,31.205.250.227,10.1.27.135,80,50178,2018-02-21 17:19:26.597329,1456,26.721741961972448,0
28,TCP,TCP,10.1.27.135,31.205.250.227,50178,80,2018-02-21 17:19:26.597345,54,27.684000207440516,0
29,TCP,TCP,31.205.250.227,10.1.27.135,80,50178,2018-02-21 17:19:26.598964,1456,28.616017795197603,0
30,TCP,TCP,31.205.250.227,10.1.27.135,80,50180,2018-02-21 17:19:26.599374,1456,29.54401685450638,0
31,TCP,TCP,31.205.250.227,10.1.27.135,80,50180,2018-02-21 17:19:26.599825,1456,30.46877466354473,0
32,TCP,TCP,10.1.27.135,31.205.250.227,50180,80,2018-02-21 17:19:26.599838,54,31.38995345452028,0
33,TCP,TCP,31.205.250.227,10.1.27.135,80,50182,2018-02-21 17:19:26.600248,1456,32.338995358682816,0
34,TCP,TCP,10.1.27.135,31.205.250.227,50182,80,2018-02-21 17:19:26.600266,66,33.25307309101797,0
35,TCP,TCP,31.205.250.227,10.1.27.135,80,50182,2018-02-21 17:19:26.600739,1456,34.163956019916476,0
36,TCP,TCP,10.1.27.135,31.205.250.227,50182,80,2018-02-21 17:19:26.600753,66,35.07220912841713,0
37,TCP,TCP,31.205.250.227,10.1.27.135,80,50181,2018-02-21 17:19:26.601753,1456,36.01128122257488,0
38,TCP,TCP,31.205.250.227,10.1.27.135,80,50181,2018-02-21 17:19:26.602156,1456,36.911549041613384,0
39,TCP,TCP,10.1.27.135,31.205.250.227,50181,80,2018-02-21 17:19:26.602171,54,37.80976386732524,0
40,TCP,TCP,31.205.250.227,10.1.27.135,80,50177,2018-02-21 17:19:26.602624,1456,38.70448123697717,0
41,TCP,TCP,10.1.27.135,31.205.250.227,50177,80,2018-02-21 17:19:26.602671,66,39.59521743855558,0
42,TCP,TCP,31.205.250.227,10.1.27.135,80,50177,2018-02-21 17:19:26.603004,1456,40.520817203054506,0
43,TCP,TCP,10.1.27.135,31.205.250.227,50177,80,2018-02-21 17:19:26.603029,66,41.40646992622578,0
44,TCP,TCP,31.205.250.227,10.1.27.135,80,50183,2018-02-21 17:19:26.603541,1456,42.2872873512808,0
45,TCP,TCP,10.1.27.135,31.205.250.227,50183,80,2018-02-21 17:19:26.603557,66,43.20716647185591,0
46,TCP,TCP,31.205.250.227,10.1.27.135,80,50184,2018-02-21 17:19:26.604286,1456,44.08061440254425,0
47,TCP,TCP,31.205.250.227,10.1.27.135,80,50184,2018-02-21 17:19:26.604698,1456,44.95441169763475,0
48,TCP,TCP,10.1.27.135,31.205.250.227,50184,80,2018-02-21 17:19:26.604725,54,45.822997283986076,0
49,TCP,TCP,31.205.250.227,10.1.27.135,80,50183,2018-02-21 17:19:26.605128,1456,46.68826360489434,0
50,TCP,TCP,10.1.27.135,31.205.250.227,50183,80,2018-02-21 17:19:26.605139,66,47.595165843627285,0
51,TCP,TCP,31.205.250.227,10.1.27.135,80,50179,2018-02-21 17:19:26.606172,1456,48.453982087999755,0
52,TCP,TCP,31.205.250.227,10.1.27.135,80,50179,2018-02-21 17:19:26.606377,1456,49.35808632467685,0
53,TCP,TCP,10.1.27.135,31.205.250.227,50179,80,2018-02-21 17:19:26.606386,54,50.21111479785846,0
54,TCP,TCP,31.205.250.227,10.1.27.135,80,50180,2018-02-21 17:19:26.606673,1456,51.062108482545646,0
55,TCP,TCP,31.205.250.227,10.1.27.135,80,50180,2018-02-21 17:19:26.606954,1456,51.909282463058354,0
56,TCP,TCP,10.1.27.135,31.205.250.227,50180,80,2018-02-21 17:19:26.606963,54,52.778065919714685,0
57,TCP,TCP,31.205.250.227,10.1.27.135,80,50178,2018-02-21 17:19:26.607317,1456,53.64445872518099,0
58,TCP,TCP,10.1.27.135,31.205.250.227,50178,80,2018-02-21 17:19:26.607327,54,54.48193529300181,0
59,TCP,TCP,31.205.250.227,10.1.27.135,80,50178,2018-02-21 17:19:26.607577,1456,55.343948694162115,0
60,TCP,TCP,31.205.250.227,10.1.27.135,80,50177,2018-02-21 17:19:26.607870,1456,56.201313144847916,0
61,TCP,TCP,10.1.27.135,31.205.250.227,50177,80,2018-02-21 17:19:26.607878,66,57.03230000051269,0
62,TCP,TCP,31.205.250.227,10.1.27.135,80,50177,2018-02-21 17:19:26.608289,1456,57.858801897782804,0
63,TCP,TCP,10.1.27.135,31.205.250.227,50177,80,2018-02-21 17:19:26.608316,66,58.7095447697209,0
64,TCP,TCP,31.205.250.227,10.1.27.135,80,50182,2018-02-21 17:19:26.608587,1456,59.55670196185014,0
65,TCP,TCP,10.1.27.135,31.205.250.227,50182,80,2018-02-21 17:19:26.608598,66,60.374502507283566,0
66,TCP,TCP,31.205.250.227,10.1.27.135,80,50181,2018-02-21 17:19:26.608875,1456,61.24629445667445,0
67,TCP,TCP,31.205.250.227,10.1.27.135,80,50181,2018-02-21 17:19:26.609619,1456,62.05982485256234,0
68,TCP,TCP,10.1.27.135,31.205.250.227,50181,80,2018-02-21 17:19:26.609660,54,62.927987722085994,0
69,TCP,TCP,31.205.250.227,10.1.27.135,80,50183,2018-02-21 17:19:26.609939,1456,63.73349383039856,0
70,TCP,TCP,10.1.27.135,31.205.250.227,50183,80,2018-02-21 17:19:26.609968,66,64.53762597531403,0
71,TCP,TCP,31.205.250.227,10.1.27.135,80,50183,2018-02-21 17:19:26.610187,1456,65.4007654945891,0
72,TCP,TCP,10.1.27.135,31.205.250.227,50183,80,2018-02-21 17:19:26.610210,66,66.19966311573228,0
73,TCP,TCP,31.205.250.227,10.1.27.135,80,50180,2018-02-21 17:19:26.610497,1456,66.994067371242,0
74,TCP,TCP,31.205.250.227,10.1.27.135,80,50180,2018-02-21 17:19:26.610820,1456,67.78686455512552,0
75,TCP,TCP,10.1.27.135,31.205.250.227,50180,80,2018-02-21 17:19:26.610833,54,68.64121412499105,0
76,TCP,TCP,31.205.250.227,10.1.27.135,80,50184,2018-02-21 17:19:26.611125,1456,69.42938403159755,0
77,TCP,TCP,31.205.250.227,10.1.27.135,80,50184,2018-02-21 17:19:26.611441,1456,70.21254289346767,0
78,TCP,TCP,10.1.27.135,31.205.250.227,50184,80,2018-02-21 17:19:26.611455,54,71.06119279500089,0
79,TCP,TCP,31.205.250.227,10.1.27.135,80,50178,2018-02-21 17:19:26.611847,1456,71.83931755795331,0
80,TCP,TCP,10.1.27.135,31.205.250.227,50178,80,2018-02-21 17:19:26.611858,54,72.68408197074999,0
81,TCP,TCP,31.205.250.227,10.1.27.135,80,50178,2018-02-21 17:19:26.612178,1456,73.45717449273934,0
82,TCP,TCP,31.205.250.227,10.1.27.135,80,50181,2018-02-21 17:19:26.612455,1456,74.23071044226174,0
83,HTTP,TCP,31.205.250.227,10.1.27.135,80,50181,2018-02-21 17:19:26.612743,1456,74.99976452648603,0
84,TCP,TCP,10.1.27.135,31.205.250.227,50181,80,2018-02-21 17:19:26.612752,54,75.7661332968038,0
85,DNS,UDP,10.1.27.254,10.1.27.135,53,52498,2018-02-21 17:19:26.612845,82,76.59882797183265,0
86,TCP,TCP,31.205.250.227,10.1.27.135,80,50179,2018-02-21 17:19:26.613206,1456,77.35849797912773,0
87,TCP,TCP,31.205.250.227,10.1.27.135,80,50179,2018-02-21 17:19:26.613449,1456,78.1182587697327,0
88,TCP,TCP,10.1.27.135,31.205.250.227,50179,80,2018-02-21 17:19:26.613458,54,78.87470397845267,0
89,TCP,TCP,31.205.250.227,10.1.27.135,80,50177,2018-02-21 17:19:26.614746,1456,79.62781696908237,0
90,TCP,TCP,10.1.27.135,31.205.250.227,50177,80,2018-02-21 17:19:26.614779,66,80.37643407538349,0
91,TCP,TCP,31.205.250.227,10.1.27.135,80,50177,2018-02-21 17:19:26.614997,1456,81.12609879920379,0
92,TCP,TCP,10.1.27.135,31.205.250.227,50177,80,2018-02-21 17:19:26.615006,66,81.87129853547546,0
93,TCP,TCP,31.205.250.227,10.1.27.135,80,50183,2018-02-21 17:19:26.615474,1456,82.68739725556973,0
94,TCP,TCP,10.1.27.135,31.205.250.227,50183,80,2018-02-21 17:19:26.615516,66,83.42580033436798,0
95,TCP,TCP,31.205.250.227,10.1.27.135,80,50183,2018-02-21 17:19:26.615861,1456,84.16549171343773,0
96,TCP,TCP,10.1.27.135,31.205.250.227,50183,80,2018-02-21 17:19:26.615873,66,84.9759855310878,0
97,TCP,TCP,31.205.250.227,10.1.27.135,80,50182,2018-02-21 17:19:26.616312,1456,85.70677463729494,0
98,TCP,TCP,10.1.27.135,31.205.250.227,50182,80,2018-02-21 17:19:26.616324,74,86.43719441197246,0
99,TCP,TCP,31.205.250.227,10.1.27.135,80,50182,2018-02-21 17:19:26.616739,1456,87.24427976673849,0
100,TCP,TCP,10.1.27.135,31.205.250.227,50182,80,2018-02-21 17:19:26.616749,74,87.97005459662655,0
101,TCP,TCP,31.205.250.227,10.1.27.135,80,50184,2018-02-21 17:19:26.621338,1456,88.6932915268091,0
102,TCP,TCP,31.205.250.227,10.1.27.135,80,50184,2018-02-21 17:19:26.622185,1456,89.41402308233938,0
103,TCP,TCP,10.1.27.135,31.205.250.227,50184,80,2018-02-21 17:19:26.622201,54,90.20937158788868,0
104,TCP,TCP,31.205.250.227,10.1.27.135,80,50178,2018-02-21 17:19:26.622700,1456,90.92746816239254,0
105,TCP,TCP,10.1.27.135,31.205.250.227,50178,80,2018-02-21 17:19:26.622715,54,91.72001774412226,0
106,TCP,TCP,31.205.250.227,10.1.27.135,80,50178,2018-02-21 17:19:26.623075,1456,92.43301179705563,0
107,TCP,TCP,31.205.250.227,10.1.27.135,80,50180,2018-02-21 17:19:26.623582,1456,93.14021301500071,0
108,TCP,TCP,31.205.250.227,10.1.27.135,80,50180,2018-02-21 17:19:26.623930,1456,93.92871173391364,0
109,TCP,TCP,10.1.27.135,31.205.250.227,50180,80,2018-02-21 17:19:26.623958,54,94.63335580598614,0
110,TCP,TCP,31.205.250.227,10.1.27.135,80,50181,2018-02-21 17:19:26.624799,1456,95.42047195109491,0
111,TCP,TCP,31.205.250.227,10.1.27.135,80,50181,2018-02-21 17:19:26.625282,1456,96.12070425681532,0
112,TCP,TCP,10.1.27.135,31.205.250.227,50181,80,2018-02-21 17:19:26.625295,54,96.81856840800967,0
113,TCP,TCP,31.205.250.227,10.1.27.135,80,50179,2018-02-21 17:19:26.625623,1456,97.51397767341496,0
114,TCP,TCP,31.205.250.227,10.1.27.135,80,50179,2018-02-21 17:19:26.626089,1456,98.20641948491559,0
115,TCP,TCP,10.1.27.135,31.205.250.227,50179,80,2018-02-21 17:19:26.626100,54,98.93959278347766,0
116,TCP,TCP,31.205.250.227,10.1.27.135,80,50177,2018-02-21 17:19:26.626508,1456,99.66866459069394,0
117,TCP,TCP,10.1.27.135,31.205.250.227,50177,80,2018-02-21 17:19:26.626520,66,100.39793653083082,0
118,TCP,TCP,31.205.250.227,10.1.27.135,80,50177,2018-02-21 17:19:26.627119,1456,101.0847405562881,0
119,TCP,TCP,10.1.27.135,31.205.250.227,50177,80,2018-02-21 17:19:26.627143,66,101.76648575424251,0
120,TCP,TCP,31.205.250.227,10.1.27.135,80,50183,2018-02-21 17:19:26.627475,1456,102.48734527371248,0
121,TCP,TCP,10.1.27.135,31.205.250.227,50183,80,2018-02-21 17:19:26.627484,66,103.20877583367532,0
122,TCP,TCP,31.205.250.227,10.1.27.135,80,50183,2018-02-21 17:19:26.627894,1456,103.8867063490855,0
123,TCP,TCP,10.1.27.135,31.205.250.227,50183,80,2018-02-21 17:19:26.627902,66,104.64879162857363,0
124,TCP,TCP,31.205.250.227,10.1.27.135,80,50184,2018-02-21 17:19:26.628325,1456,105.29977413218248,0
125,TCP,TCP,31.205.250.227,10.1.27.135,80,50184,2018-02-21 17:19:26.628728,1456,106.05860767329236,0
126,TCP,TCP,10.1.27.135,31.205.250.227,50184,80,2018-02-21 17:19:26.628740,54,106.72559436130722,0
127,TCP,TCP,31.205.250.227,10.1.27.135,80,50182,2018-02-21 17:19:26.632002,1456,107.48130758053937,0
128,TCP,TCP,10.1.27.135,31.205.250.227,50182,80,2018-02-21 17:19:26.632018,74,108.14144595907968,0
129,TCP,TCP,31.205.250.227,10.1.27.135,80,50182,2018-02-21 17:19:26.632391,1456,108.80461388569653,0
130,TCP,TCP,10.1.27.135,31.205.250.227,50182,80,2018-02-21 17:19:26.632418,74,109.55295539680282,0
131,TCP,TCP,31.205.250.227,10.1.27.135,80,50178,2018-02-21 17:19:26.632790,1456,110.21194444851186,0
132,TCP,TCP,10.1.27.135,31.205.250.227,50178,80,2018-02-21 17:19:26.632805,54,110.95960046792983,0
133,TCP,TCP,31.205.250.227,10.1.27.135,80,50178,2018-02-21 17:19:26.634625,1456,111.61210441040359,0
134,TCP,TCP,31.205.250.227,10.1.27.135,80,50180,2018-02-21 17:19:26.634959,1456,112.26239399687124,0
135,TCP,TCP,31.205.250.227,10.1.27.135,80,50180,2018-02-21 17:19:26.635410,1456,113.00521308258008,0
136,TCP,TCP,10.1.27.135,31.205.250.227,50180,80,2018-02-21 17:19:26.635459,54,113.64965424465787,0
137,TCP,TCP,31.205.250.227,10.1.27.135,80,50181,2018-02-21 17:19:26.635814,1456,114.39134636957255,0
138,TCP,TCP,31.205.250.227,10.1.27.135,80,50181,2018-02-21 17:19:26.636265,1456,115.03366104284602,0
139,TCP,TCP,10.1.27.135,31.205.250.227,50181,80,2018-02-21 17:19:26.636280,54,115.67110033204874,0
140,TCP,TCP,31.205.250.227,10.1.27.135,80,50179,2018-02-21 17:19:26.637249,1456,116.40898866960093,0
141,TCP,TCP,31.205.250.227,10.1.27.135,80,50179,2018-02-21 17:19:26.638317,1456,117.0425374893352,0
142,TCP,TCP,10.1.27.135,31.205.250.227,50179,80,2018-02-21 17:19:26.638336,54,117.77738518067213,0
143,TCP,TCP,31.205.250.227,10.1.27.135,80,50177,2018-02-21 17:19:26.638728,1456,118.40983311074193,0
144,TCP,TCP,10.1.27.135,31.205.250.227,50177,80,2018-02-21 17:19:26.638743,66,119.04018391141695,0
145,TCP,TCP,31.205.250.227,10.1.27.135,80,50177,2018-02-21 17:19:26.639175,1456,119.76735548631518,0
146,TCP,TCP,10.1.27.135,31.205.250.227,50177,80,2018-02-21 17:19:26.639186,66,120.39418035916437,0
147,TCP,TCP,31.205.250.227,10.1.27.135,80,50183,2018-02-21 17:19:26.639644,1456,121.01872449222938,0
148,TCP,TCP,10.1.27.135,31.205.250.227,50183,80,2018-02-21 17:19:26.639688,66,121.63913665500942,0
149,TCP,TCP,31.205.250.227,10.1.27.135,80,50183,2018-02-21 17:19:26.640083,1456,122.25875411555037,0
150,TCP,TCP,10.1.27.135,31.205.250.227,50183,80,2018-02-21 17:19:26.640098,66,122.87988000011718,0
151,TCP,TCP,31.205.250.227,10.1.27.135,80,50184,2018-02-21 17:19:26.640529,1456,123.49345796943764,0
152,TCP,TCP,31.205.250.227,10.1.27.135,80,50184,2018-02-21 17:19:26.640961,1456,124.11048374600045,0
153,TCP,TCP,10.1.27.135,31.205.250.227,50184,80,2018-02-21 17:19:26.640986,54,124.82481866971094,0
154,TCP,TCP,31.205.250.227,10.1.27.135,80,50182,2018-02-21 17:19:26.642100,1456,125.43298796301421,0
155,TCP,TCP,10.1.27.135,31.205.250.227,50182,80,2018-02-21 17:19:26.642110,74,126.04232669442588,0
156,TCP,TCP,31.205.250.227,10.1.27.135,80,50182,2018-02-21 17:19:26.642370,1456,126.65071782004298,0
157,TCP,TCP,10.1.27.135,31.205.250.227,50182,80,2018-02-21 17:19:26.642383,74,127.25542637733717,0
158,TCP,TCP,31.205.250.227,10.1.27.135,80,50181,2018-02-21 17:19:26.642682,1456,127.96203657933762,0
159,TCP,TCP,31.205.250.227,10.1.27.135,80,50181,2018-02-21 17:19:26.643006,1456,128.56309920474882,0
160,TCP,TCP,10.1.27.135,31.205.250.227,50181,80,2018-02-21 17:19:26.643014,54,129.1621906940444,0
161,TCP,TCP,31.205.250.227,10.1.27.135,80,50180,2018-02-21 17:19:26.643295,1456,129.86425237032768,0
162,TCP,TCP,31.205.250.227,10.1.27.135,80,50180,2018-02-21 17:19:26.643580,1456,130.45721033017628,0
163,TCP,TCP,10.1.27.135,31.205.250.227,50180,80,2018-02-21 17:19:26.643587,54,131.05360827429894,0
164,TCP,TCP,31.205.250.227,10.1.27.135,80,50182,2018-02-21 17:19:26.643945,1456,131.75144380241397,0
165,TCP,TCP,10.1.27.135,31.205.250.227,50182,80,2018-02-21 17:19:26.643953,74,132.341627423391,0
166,TCP,TCP,31.205.250.227,10.1.27.135,80,50182,2018-02-21 17:19:26.645329,1456,132.92986503003766,0
167,TCP,TCP,10.1.27.135,31.205.250.227,50182,80,2018-02-21 17:19:26.645384,74,133.62337124470355,0
168,TCP,TCP,31.205.250.227,10.1.27.135,80,50177,2018-02-21 17:19:26.646691,1456,134.20734929832093,0
169,TCP,TCP,10.1.27.135,31.205.250.227,50177,80,2018-02-21 17:19:26.646734,66,134.89890841935667,0
170,TCP,TCP,31.205.250.227,10.1.27.135,80,50177,2018-02-21 17:19:26.647081,1456,135.47714907942333,0
171,TCP,TCP,10.1.27.135,31.205.250.227,50177,80,2018-02-21 17:19:26.647094,66,136.05978977513197,0
172,TCP,TCP,31.205.250.227,10.1.27.135,80,50184,2018-02-21 17:19:26.647656,1456,136.7463784269036,0
173,TCP,TCP,31.205.250.227,10.1.27.135,80,50184,2018-02-21 17:19:26.647960,1456,137.32242774962475,0
174,TCP,TCP,10.1.27.135,31.205.250.227,50184,80,2018-02-21 17:19:26.647974,54,137.89641116588314,0
175,TCP,TCP,31.205.250.227,10.1.27.135,80,50178,2018-02-21 17:19:26.648418,1456,138.52384052842652,0
176,TCP,TCP,10.1.27.135,31.205.250.227,50178,80,2018-02-21 17:19:26.648461,54,139.1468141454468,0
177,TCP,TCP,31.205.250.227,10.1.27.135,80,50178,2018-02-21 17:19:26.648874,1456,139.77425530885387,0
178,TCP,TCP,31.205.250.227,10.1.27.135,80,50181,2018-02-21 17:19:26.650551,1456,140.34167084134197,0
179,TCP,TCP,31.205.250.227,10.1.27.135,80,50181,2018-02-21 17:19:26.650981,1456,140.9593589749126,0
180,TCP,TCP,10.1.27.135,31.205.250.227,50181,80,2018-02-21 17:19:26.650996,54,141.58269625237745,0
181,TCP,TCP,31.205.250.227,10.1.27.135,80,50180,2018-02-21 17:19:26.651464,1456,142.1982787911754,0
182,TCP,TCP,31.205.250.227,10.1.27.135,80,50180,2018-02-21 17:19:26.651882,1456,142.81577769209167,0
183,TCP,TCP,10.1.27.135,31.205.250.227,50180,80,2018-02-21 17:19:26.651912,54,143.43343431783882,0
184,TCP,TCP,31.205.250.227,10.1.27.135,80,50178,2018-02-21 17:19:26.652265,1456,144.1038269436416,0
185,TCP,TCP,10.1.27.135,31.205.250.227,50178,80,2018-02-21 17:19:26.652295,54,144.6596998998125,0
186,TCP,TCP,31.205.250.227,10.1.27.135,80,50184,2018-02-21 17:19:26.655849,1456,145.21061499390598,0
187,TCP,TCP,31.205.250.227,10.1.27.135,80,50184,2018-02-21 17:19:26.656234,1456,145.8804774355638,0
188,TCP,TCP,10.1.27.135,31.205.250.227,50184,80,2018-02-21 17:19:26.656250,54,146.43156624729548,0
189,TCP,TCP,31.205.250.227,10.1.27.135,80,50183,2018-02-21 17:19:26.656718,1456,147.09556661105518,0
190,TCP,TCP,10.1.27.135,31.205.250.227,50183,80,2018-02-21 17:19:26.656771,66,147.64347442984655,0
191,TCP,TCP,31.205.250.227,10.1.27.135,80,50183,2018-02-21 17:19:26.657062,1456,148.1895406507885,0
192,TCP,TCP,10.1.27.135,31.205.250.227,50183,80,2018-02-21 17:19:26.657074,66,148.84940082721388,0
193,TCP,TCP,31.205.250.227,10.1.27.135,80,50181,2018-02-21 17:19:26.657553,1456,149.3925976998173,0
194,TCP,TCP,31.205.250.227,10.1.27.135,80,50181,2018-02-21 17:19:26.658330,1456,150.05020931921374,0
195,TCP,TCP,10.1.27.135,31.205.250.227,50181,80,2018-02-21 17:19:26.658382,54,150.4735646732966,0
196,TCP,TCP,31.205.250.227,10.1.27.135,80,50177,2018-02-21 17:19:26.658744,1456,151.12827923754529,0
197,TCP,TCP,10.1.27.135,31.205.250.227,50177,80,2018-02-21 17:19:26.658756,66,151.66491490807076,0
198,TCP,TCP,31.205.250.227,10.1.27.135,80,50177,2018-02-21 17:19:26.659157,1456,152.31719572910657,0
199,TCP,TCP,10.1.27.135,31.205.250.227,50177,80,2018-02-21 17:19:26.659168,66,152.85067718846017,0
200,TCP,TCP,31.205.250.227,10.1.27.135,80,50179,2018-02-21 17:19:26.659609,1456,153.38251774476754,0
201,TCP,TCP,31.205.250.227,10.1.27.135,80,50179,2018-02-21 17:19:26.659975,1456,153.91278115544247,0
202,TCP,TCP,10.1.27.135,31.205.250.227,50179,80,2018-02-21 17:19:26.659983,54,154.55980624963857,0
203,TCP,TCP,31.205.250.227,10.1.27.135,80,50182,2018-02-21 17:19:26.660975,1456,155.08546602848224,0
204,TCP,TCP,10.1.27.135,31.205.250.227,50182,80,2018-02-21 17:19:26.660987,74,155.61256375585043,0
205,TCP,TCP,31.205.250.227,10.1.27.135,80,50182,2018-02-21 17:19:26.661401,1456,156.13655896893457,0
206,TCP,TCP,10.1.27.135,31.205.250.227,50182,80,2018-02-21 17:19:26.661410,74,156.77848717050767,0
207,TCP,TCP,31.205.250.227,10.1.27.135,80,50178,2018-02-21 17:19:26.664029,1456,157.2994227964163,0
208,TCP,TCP,31.205.250.227,10.1.27.135,80,50178,2018-02-21 17:19:26.664456,1456,157.81888699467723,0
209,TCP,TCP,10.1.27.135,31.205.250.227,50178,80,2018-02-21 17:19:26.664466,54,158.33663020111027,0
210,TCP,TCP,31.205.250.227,10.1.27.135,80,50180,2018-02-21 17:19:26.664938,1456,158.8529453404331,0
211,TCP,TCP,31.205.250.227,10.1.27.135,80,50180,2018-02-21 17:19:26.665984,1456,159.36761070714888,0
212,TCP,TCP,10.1.27.135,31.205.250.227,50180,80,2018-02-21 17:19:26.665994,54,159.88077669058006,0
213,TCP,TCP,31.205.250.227,10.1.27.135,80,50181,2018-02-21 17:19:26.666402,1456,160.51357055101852,0
214,TCP,TCP,31.205.250.227,10.1.27.135,80,50181,2018-02-21 17:19:26.666807,1456,161.0237884659613,0
215,TCP,TCP,10.1.27.135,31.205.250.227,50181,80,2018-02-21 17:19:26.666817,54,161.65431848240846,0
216,DNS,UDP,10.1.27.135,10.1.27.254,62002,53,2018-02-21 17:19:26.666908,82,162.1616666338514,0
217,TCP,TCP,31.205.250.227,10.1.27.135,80,50179,2018-02-21 17:19:26.667248,1456,162.7898891707886,0
218,TCP,TCP,31.205.250.227,10.1.27.135,80,50179,2018-02-21 17:19:26.667684,1456,163.29435901538866,0
219,TCP,TCP,10.1.27.135,31.205.250.227,50179,80,2018-02-21 17:19:26.667708,54,163.79708156520775,0
220,TCP,TCP,31.205.250.227,10.1.27.135,80,50183,2018-02-21 17:19:26.668911,1456,164.29727268275963,0
221,TCP,TCP,10.1.27.135,31.205.250.227,50183,80,2018-02-21 17:19:26.668930,66,164.9221852384033,0
222,TCP,TCP,31.205.250.227,10.1.27.135,80,50183,2018-02-21 17:19:26.669421,1456,165.42094713251382,0
223,TCP,TCP,10.1.27.135,31.205.250.227,50183,80,2018-02-21 17:19:26.669435,66,165.91819161495008,0
224,TCP,TCP,31.205.250.227,10.1.27.135,80,50184,2018-02-21 17:19:26.670109,1456,166.53796498485067,0
225,TCP,TCP,31.205.250.227,10.1.27.135,80,50184,2018-02-21 17:19:26.670514,1456,167.03240687642568,0
226,TCP,TCP,10.1.27.135,31.205.250.227,50184,80,2018-02-21 17:19:26.670527,54,167.6500276966373,0
227,TCP,TCP,31.205.250.227,10.1.27.135,80,50177,2018-02-21 17:19:26.670945,1456,168.14165684626073,0
228,TCP,TCP,10.1.27.135,31.205.250.227,50177,80,2018-02-21 17:19:26.670957,66,168.63188677714805,0
229,TCP,TCP,31.205.250.227,10.1.27.135,80,50177,2018-02-21 17:19:26.671392,1456,169.1206944456672,0
230,TCP,TCP,10.1.27.135,31.205.250.227,50177,80,2018-02-21 17:19:26.671437,66,169.60799695908514,0
231,TCP,TCP,31.205.250.227,10.1.27.135,80,50182,2018-02-21 17:19:26.671795,1456,170.09391991674408,0
232,TCP,TCP,10.1.27.135,31.205.250.227,50182,80,2018-02-21 17:19:26.671805,74,170.70418089744558,0
233,TCP,TCP,31.205.250.227,10.1.27.135,80,50182,2018-02-21 17:19:26.672243,1456,171.18720514798568,0
234,TCP,TCP,10.1.27.135,31.205.250.227,50182,80,2018-02-21 17:19:26.672253,74,171.6689572952392,0
235,TCP,TCP,31.205.250.227,10.1.27.135,80,50180,2018-02-21 17:19:26.673507,1456,172.21263720155136,0
236,TCP,TCP,31.205.250.227,10.1.27.135,80,50180,2018-02-21 17:19:26.674365,1456,172.81845900288423,0
237,TCP,TCP,10.1.27.135,31.205.250.227,50180,80,2018-02-21 17:19:26.674376,54,173.3597873327812,0
238,TCP,TCP,31.205.250.227,10.1.27.135,80,50184,2018-02-21 17:19:26.674787,1456,173.89992575350092,0
239,TCP,TCP,31.205.250.227,10.1.27.135,80,50184,2018-02-21 17:19:26.675182,1456,174.43893889391114,0
240,TCP,TCP,10.1.27.135,31.205.250.227,50184,80,2018-02-21 17:19:26.675190,54,174.91280015346507,0
241,TCP,TCP,31.205.250.227,10.1.27.135,80,50179,2018-02-21 17:19:26.675661,1456,175.44929707617848,0
242,TCP,TCP,31.205.250.227,10.1.27.135,80,50179,2018-02-21 17:19:26.676080,1456,175.98346102699338,0
243,TCP,TCP,10.1.27.135,31.205.250.227,50179,80,2018-02-21 17:19:26.676115,54,176.5830587548801,0
244,TCP,TCP,31.205.250.227,10.1.27.135,80,50183,2018-02-21 17:19:26.677116,1456,177.05148645476174,0
245,TCP,TCP,10.1.27.135,31.205.250.227,50183,80,2018-02-21 17:19:26.677132,66,177.518827606925,0
246,TCP,TCP,31.205.250.227,10.1.27.135,80,50183,2018-02-21 17:19:26.677581,1456,177.98475139116516,0
247,TCP,TCP,10.1.27.135,31.205.250.227,50183,80,2018-02-21 17:19:26.677628,66,178.57713204591462,0
248,TCP,TCP,31.205.250.227,10.1.27.135,80,50178,2018-02-21 17:19:26.678677,1456,179.04211000293301,0
249,TCP,TCP,31.205.250.227,10.1.27.135,80,50178,2018-02-21 17:19:26.679124,1456,179.63403756591268,0
250,TCP,TCP,10.1.27.135,31.205.250.227,50178,80,2018-02-21 17:19:26.679177,54,180.094916968263,0
251,TCP,TCP,31.205.250.227,10.1.27.135,80,50181,2018-02-21 17:19:26.679480,1456,180.68467900705065,0
252,TCP,TCP,31.205.250.227,10.1.27.135,80,50181,2018-02-21 17:19:26.679924,1456,181.14320235230122,0
253,TCP,TCP,10.1.27.135,31.205.250.227,50181,80,2018-02-21 17:19:26.679934,54,181.73096576143033,0
254,TCP,TCP,31.205.250.227,10.1.27.135,80,50177,2018-02-21 17:19:26.680379,1456,182.18687133235343,0
255,TCP,TCP,10.1.27.135,31.205.250.227,50177,80,2018-02-21 17:19:26.680403,66,182.6414050417034,0
256,TCP,TCP,31.205.250.227,10.1.27.135,80,50177,2018-02-21 17:19:26.682176,1456,183.2260459236651,0
257,TCP,TCP,10.1.27.135,31.205.250.227,50177,80,2018-02-21 17:19:26.682202,66,183.54662862928348,0
258,TCP,TCP,31.205.250.227,10.1.27.135,80,50182,2018-02-21 17:19:26.682591,1456,184.1289482348637,0
259,TCP,TCP,10.1.27.135,31.205.250.227,50182,80,2018-02-21 17:19:26.682618,74,184.57849521743083,0
260,TCP,TCP,31.205.250.227,10.1.27.135,80,50182,2018-02-21 17:19:26.682981,1456,185.0267906649718,0
261,TCP,TCP,10.1.27.135,31.205.250.227,50182,80,2018-02-21 17:19:26.683006,74,185.60594745620205,0
262,TCP,TCP,31.205.250.227,10.1.27.135,80,50180,2018-02-21 17:19:26.683406,1456,186.0517910809874,0
263,TCP,TCP,31.205.250.227,10.1.27.135,80,50180,2018-02-21 17:19:26.683835,1456,186.6289820372249,0
264,TCP,TCP,10.1.27.135,31.205.250.227,50180,80,2018-02-21 17:19:26.683850,54,187.07242175217155,0
265,TCP,TCP,31.205.250.227,10.1.27.135,80,50181,2018-02-21 17:19:26.684817,1456,187.51381228518605,0
266,TCP,TCP,31.205.250.227,10.1.27.135,80,50181,2018-02-21 17:19:26.685247,1456,188.08867885340044,0
267,TCP,TCP,10.1.27.135,31.205.250.227,50181,80,2018-02-21 17:19:26.685257,54,188.52851388990598,0
268,TCP,TCP,31.205.250.227,10.1.27.135,80,50184,2018-02-21 17:19:26.686389,1456,188.96701009680228,0
269,TCP,TCP,31.205.250.227,10.1.27.135,80,50184,2018-02-21 17:19:26.686832,1456,189.40426787023986,0
270,TCP,TCP,10.1.27.135,31.205.250.227,50184,80,2018-02-21 17:19:26.686884,54,189.97426999627922,0
271,TCP,TCP,31.205.250.227,10.1.27.135,80,50179,2018-02-21 17:19:26.687222,1456,190.4092480095632,0
272,TCP,TCP,31.205.250.227,10.1.27.135,80,50179,2018-02-21 17:19:26.687705,1456,190.84293828860567,0
273,TCP,TCP,10.1.27.135,31.205.250.227,50179,80,2018-02-21 17:19:26.687752,54,191.40992561049427,0
274,TCP,TCP,31.205.250.227,10.1.27.135,80,50178,2018-02-21 17:19:26.688122,1456,191.84136136605343,0
275,TCP,TCP,31.205.250.227,10.1.27.135,80,50183,2018-02-21 17:19:26.688548,1456,192.27152335654227,0
276,TCP,TCP,10.1.27.135,31.205.250.227,50183,80,2018-02-21 17:19:26.688574,66,192.69939003856726,0
277,TCP,TCP,31.205.250.227,10.1.27.135,80,50178,2018-02-21 17:19:26.689015,1456,193.26278129069723,0
278,TCP,TCP,10.1.27.135,31.205.250.227,50178,80,2018-02-21 17:19:26.689062,54,193.69016092833084,0
279,TCP,TCP,31.205.250.227,10.1.27.135,80,50183,2018-02-21 17:19:26.690128,1456,194.25113840539584,0
280,TCP,TCP,10.1.27.135,31.205.250.227,50183,80,2018-02-21 17:19:26.690182,66,194.67531518150858,0
281,TCP,TCP,31.205.250.227,10.1.27.135,80,50177,2018-02-21 17:19:26.690538,1456,195.09885868932767,0
282,TCP,TCP,10.1.27.135,31.205.250.227,50177,80,2018-02-21 17:19:26.690550,66,195.520902482193,0
283,TCP,TCP,31.205.250.227,10.1.27.135,80,50177,2018-02-21 17:19:26.690975,1456,195.94183885758977,0
284,TCP,TCP,10.1.27.135,31.205.250.227,50177,80,2018-02-21 17:19:26.691027,66,196.497718682423,0
285,TCP,TCP,31.205.250.227,10.1.27.135,80,50180,2018-02-21 17:19:26.691351,1456,196.9145129853443,0
286,TCP,TCP,31.205.250.227,10.1.27.135,80,50180,2018-02-21 17:19:26.691859,1456,197.33400889570885,0
287,TCP,TCP,10.1.27.135,31.205.250.227,50180,80,2018-02-21 17:19:26.691868,54,197.8870692733235,0
288,TCP,TCP,31.205.250.227,10.1.27.135,80,50184,2018-02-21 17:19:26.692246,1456,198.30241408440807,0
289,TCP,TCP,31.205.250.227,10.1.27.135,80,50184,2018-02-21 17:19:26.692729,1456,198.85362900361548,0
290,TCP,TCP,10.1.27.135,31.205.250.227,50184,80,2018-02-21 17:19:26.692739,54,199.2666530474566,0
291,TCP,TCP,31.205.250.227,10.1.27.135,80,50179,2018-02-21 17:19:26.693140,1456,199.67873602604223,0
292,TCP,TCP,31.205.250.227,10.1.27.135,80,50179,2018-02-21 17:19:26.693543,1456,200.2271420203288,0
293,TCP,TCP,10.1.27.135,31.205.250.227,50179,80,2018-02-21 17:19:26.693551,54,200.63699238565212,0
294,TCP,TCP,31.205.250.227,10.1.27.135,80,50182,2018-02-21 17:19:26.696958,1456,201.11441219076298,0
295,TCP,TCP,10.1.27.135,31.205.250.227,50182,80,2018-02-21 17:19:26.697013,74,201.52203148175866,0
296,TCP,TCP,31.205.250.227,10.1.27.135,80,50182,2018-02-21 17:19:26.698633,1456,201.99759525507054,0
297,TCP,TCP,10.1.27.135,31.205.250.227,50182,80,2018-02-21 17:19:26.698659,74,202.40303266194857,0
298,TCP,TCP,31.205.250.227,10.1.27.135,80,50183,2018-02-21 17:19:26.699028,1456,202.87659094018878,0
299,TCP,TCP,10.1.27.135,31.205.250.227,50183,80,2018-02-21 17:19:26.699040,66,203.34918048018156,0
300,TCP,TCP,31.205.250.227,10.1.27.135,80,50183,2018-02-21 17:19:26.699455,1456,203.75136362804648,0
301,TCP,TCP,10.1.27.135,31.205.250.227,50183,80,2018-02-21 17:19:26.699466,66,204.2219682920927,0
302,TCP,TCP,31.205.250.227,10.1.27.135,80,50178,2018-02-21 17:19:26.699883,1456,204.62204218541183,0
303,TCP,TCP,31.205.250.227,10.1.27.135,80,50178,2018-02-21 17:19:26.700311,1456,205.10570316505738,0
304,TCP,TCP,10.1.27.135,31.205.250.227,50178,80,2018-02-21 17:19:26.700321,54,205.50369250174185,0
305,TCP,TCP,31.205.250.227,10.1.27.135,80,50177,2018-02-21 17:19:26.700788,1456,205.9005712527193,0
306,TCP,TCP,10.1.27.135,31.205.250.227,50177,80,2018-02-21 17:19:26.700799,66,206.2963437309529,0
307,TCP,TCP,31.205.250.227,10.1.27.135,80,50177,2018-02-21 17:19:26.701219,1456,206.83075313847857,0
308,TCP,TCP,10.1.27.135,31.205.250.227,50177,80,2018-02-21 17:19:26.701230,66,207.22443628458652,0
309,TCP,TCP,31.205.250.227,10.1.27.135,80,50181,2018-02-21 17:19:26.702365,1456,207.6172245860559,0
310,TCP,TCP,31.205.250.227,10.1.27.135,80,50181,2018-02-21 17:19:26.702834,1456,208.0088231045291,0
311,TCP,TCP,10.1.27.135,31.205.250.227,50181,80,2018-02-21 17:19:26.702875,54,208.39936906410696,0
312,TCP,TCP,31.205.250.227,10.1.27.135,80,50180,2018-02-21 17:19:26.703266,1456,208.92910424527713,0
313,TCP,TCP,31.205.250.227,10.1.27.135,80,50180,2018-02-21 17:19:26.703691,1456,209.31766362574336,0
314,TCP,TCP,10.1.27.135,31.205.250.227,50180,80,2018-02-21 17:19:26.703698,54,209.84571869063785,0
315,TCP,TCP,31.205.250.227,10.1.27.135,80,50179,2018-02-21 17:19:26.704118,1456,210.2322712767354,0
316,TCP,TCP,31.205.250.227,10.1.27.135,80,50179,2018-02-21 17:19:26.705488,1456,210.75862191790972,0
317,TCP,TCP,10.1.27.135,31.205.250.227,50179,80,2018-02-21 17:19:26.705504,54,211.14318064665096,0
318,TCP,TCP,31.205.250.227,10.1.27.135,80,50184,2018-02-21 17:19:26.706470,1456,211.52637798203898,0
319,TCP,TCP,31.205.250.227,10.1.27.135,80,50184,2018-02-21 17:19:26.706906,1456,212.0504807014174,0
320,TCP,TCP,10.1.27.135,31.205.250.227,50184,80,2018-02-21 17:19:26.706952,54,212.43207344937156,0
321,TCP,TCP,31.205.250.227,10.1.27.135,80,50183,2018-02-21 17:19:26.707302,1456,212.81251713015695,0
322,TCP,TCP,10.1.27.135,31.205.250.227,50183,80,2018-02-21 17:19:26.707317,66,213.19208482689427,0
323,TCP,TCP,31.205.250.227,10.1.27.135,80,50183,2018-02-21 17:19:26.707731,1456,213.71231502133477,0
324,TCP,TCP,10.1.27.135,31.205.250.227,50183,80,2018-02-21 17:19:26.707742,66,214.08993622300883,0
325,TCP,TCP,31.205.250.227,10.1.27.135,80,50178,2018-02-21 17:19:26.708182,1456,214.4653771409584,0
326,TCP,TCP,31.205.250.227,10.1.27.135,80,50178,2018-02-21 17:19:26.708706,1456,214.842150911758,0
327,TCP,TCP,10.1.27.135,31.205.250.227,50178,80,2018-02-21 17:19:26.708717,54,215.35881946074616,0
328,TCP,TCP,31.205.250.227,10.1.27.135,80,50182,2018-02-21 17:19:26.709194,1456,215.73252606034947,0
329,TCP,TCP,10.1.27.135,31.205.250.227,50182,80,2018-02-21 17:19:26.709243,74,216.10518058513458,0
330,TCP,TCP,31.205.250.227,10.1.27.135,80,50182,2018-02-21 17:19:26.709581,1456,216.47692226604735,0
331,TCP,TCP,10.1.27.135,31.205.250.227,50182,80,2018-02-21 17:19:26.709594,74,216.9901385640071,0
332,TCP,TCP,31.205.250.227,10.1.27.135,80,50182,2018-02-21 17:19:26.711129,1456,217.35995248549708,0
333,TCP,TCP,10.1.27.135,31.205.250.227,50182,80,2018-02-21 17:19:26.711173,74,217.7288645108228,0
334,TCP,TCP,31.205.250.227,10.1.27.135,80,50182,2018-02-21 17:19:26.711528,1456,218.23957915471078,0
335,TCP,TCP,10.1.27.135,31.205.250.227,50182,80,2018-02-21 17:19:26.711539,74,218.60654824618996,0
336,TCP,TCP,31.205.250.227,10.1.27.135,80,50177,2018-02-21 17:19:26.711981,1456,218.97255816316684,0
337,TCP,TCP,10.1.27.135,31.205.250.227,50177,80,2018-02-21 17:19:26.712037,66,219.48086087997282,0
338,TCP,TCP,31.205.250.227,10.1.27.135,80,50177,2018-02-21 17:19:26.712397,1456,219.84498024352874,0
339,TCP,TCP,10.1.27.135,31.205.250.227,50177,80,2018-02-21 17:19:26.712407,66,220.20818497208657,0
340,TCP,TCP,31.205.250.227,10.1.27.135,80,50181,2018-02-21 17:19:26.712796,1456,220.5704788038249,0
341,TCP,TCP,31.205.250.227,10.1.27.135,80,50181,2018-02-21 17:19:26.713279,1456,221.0754300224467,0
342,TCP,TCP,10.1.27.135,31.205.250.227,50181,80,2018-02-21 17:19:26.713318,54,221.43585824975375,0
343,TCP,TCP,31.205.250.227,10.1.27.135,80,50180,2018-02-21 17:19:26.714232,1456,221.93919684845986,0
344,TCP,TCP,31.205.250.227,10.1.27.135,80,50180,2018-02-21 17:19:26.714680,1456,222.29783929741808,0
345,TCP,TCP,10.1.27.135,31.205.250.227,50180,80,2018-02-21 17:19:26.714702,54,222.79967604753355,0
346,TCP,TCP,31.205.250.227,10.1.27.135,80,50179,2018-02-21 17:19:26.715101,1456,223.15640701421594,0
347,TCP,TCP,31.205.250.227,10.1.27.135,80,50179,2018-02-21 17:19:26.715524,1456,223.51235348843494,0
348,TCP,TCP,10.1.27.135,31.205.250.227,50179,80,2018-02-21 17:19:26.715533,54,224.011752339579,0
349,TCP,TCP,31.205.250.227,10.1.27.135,80,50183,2018-02-21 17:19:26.715995,1456,224.364429320041,0
350,TCP,TCP,10.1.27.135,31.205.250.227,50183,80,2018-02-21 17:19:26.716039,66,224.7191176353529,0
351,TCP,TCP,31.205.250.227,10.1.27.135,80,50183,2018-02-21 17:19:26.718587,1456,225.06952645375932,0
352,TCP,TCP,10.1.27.135,31.205.250.227,50183,80,2018-02-21 17:19:26.718601,66,225.4948077521968,0
353,TCP,TCP,31.205.250.227,10.1.27.135,80,50184,2018-02-21 17:19:26.719044,1456,225.9177248276003,0
354,TCP,TCP,31.205.250.227,10.1.27.135,80,50184,2018-02-21 17:19:26.719468,1456,226.2673605121306,0
355,TCP,TCP,10.1.27.135,31.205.250.227,50184,80,2018-02-21 17:19:26.719506,54,226.68862234607477,0
356,TCP,TCP,31.205.250.227,10.1.27.135,80,50178,2018-02-21 17:19:26.719878,1456,227.10907583199335,0
357,TCP,TCP,31.205.250.227,10.1.27.135,80,50178,2018-02-21 17:19:26.720334,1456,227.45603828468126,0
358,TCP,TCP,10.1.27.135,31.205.250.227,50178,80,2018-02-21 17:19:26.720361,54,227.80201158549693,0
359,TCP,TCP,31.205.250.227,10.1.27.135,80,50177,2018-02-21 17:19:26.720800,1456,228.1472755906657,0
360,TCP,TCP,10.1.27.135,31.205.250.227,50177,80,2018-02-21 17:19:26.720813,66,228.56436338227851,0
361,TCP,TCP,31.205.250.227,10.1.27.135,80,50177,2018-02-21 17:19:26.721251,1456,228.98044777306654,0
362,TCP,TCP,10.1.27.135,31.205.250.227,50177,80,2018-02-21 17:19:26.721264,66,229.32301458489843,0
363,TCP,TCP,31.205.250.227,10.1.27.135,80,50182,2018-02-21 17:19:26.721634,1456,229.8105151812091,0
364,TCP,TCP,10.1.27.135,31.205.250.227,50182,80,2018-02-21 17:19:26.721644,74,230.1515165584997,0
365,TCP,TCP,31.205.250.227,10.1.27.135,80,50182,2018-02-21 17:19:26.722099,1456,230.49144638365695,0
366,TCP,TCP,10.1.27.135,31.205.250.227,50182,80,2018-02-21 17:19:26.722149,74,230.97673464044814,0
367,TCP,TCP,31.205.250.227,10.1.27.135,80,50181,2018-02-21 17:19:26.722523,1456,231.31508079898404,0
368,TCP,TCP,31.205.250.227,10.1.27.135,80,50181,2018-02-21 17:19:26.723955,1456,231.65253797343635,0
369,TCP,TCP,10.1.27.135,31.205.250.227,50181,80,2018-02-21 17:19:26.723969,54,232.13545915688997,0
370,TCP,TCP,31.205.250.227,10.1.27.135,80,50180,2018-02-21 17:19:26.724439,1456,232.47138396567334,0
371,TCP,TCP,31.205.250.227,10.1.27.135,80,50180,2018-02-21 17:19:26.724832,1456,232.95287742885864,0
372,TCP,TCP,10.1.27.135,31.205.250.227,50180,80,2018-02-21 17:19:26.724843,54,233.28707127206016,0
373,TCP,TCP,31.205.250.227,10.1.27.135,80,50179,2018-02-21 17:19:26.725379,1456,233.7672140994703,0
374,TCP,TCP,31.205.250.227,10.1.27.135,80,50179,2018-02-21 17:19:26.726373,1456,234.24671895943288,0
375,TCP,TCP,10.1.27.135,31.205.250.227,50179,80,2018-02-21 17:19:26.726382,54,234.57841659151205,0
376,TCP,TCP,31.205.250.227,10.1.27.135,80,50183,2018-02-21 17:19:26.726700,1456,235.0564761552442,0
377,TCP,TCP,10.1.27.135,31.205.250.227,50183,80,2018-02-21 17:19:26.726723,66,235.38660695957222,0
378,TCP,TCP,31.205.250.227,10.1.27.135,80,50183,2018-02-21 17:19:26.727126,1456,235.7158422109474,0
379,TCP,TCP,10.1.27.135,31.205.250.227,50183,80,2018-02-21 17:19:26.727142,66,236.19173231505283,0
380,TCP,TCP,31.205.250.227,10.1.27.135,80,50178,2018-02-21 17:19:26.727568,1456,236.5192760101224,0
381,DNS,UDP,10.1.27.135,10.1.27.254,53734,53,2018-02-21 17:19:26.727808,132,236.84610818566668,0
382,TCP,TCP,31.205.250.227,10.1.27.135,80,50178,2018-02-21 17:19:26.727975,1456,237.3198469989904,0
383,TCP,TCP,10.1.27.135,31.205.250.227,50178,80,2018-02-21 17:19:26.727990,54,237.64503807025685,0
384,TCP,TCP,31.205.250.227,10.1.27.135,80,50184,2018-02-21 17:19:26.728469,1456,237.96945605068683,0
385,TCP,TCP,31.205.250.227,10.1.27.135,80,50184,2018-02-21 17:19:26.728875,1456,238.44099135382004,0
386,TCP,TCP,10.1.27.135,31.205.250.227,50184,80,2018-02-21 17:19:26.728885,54,238.7637833247748,0
387,TCP,TCP,31.205.250.227,10.1.27.135,80,50177,2018-02-21 17:19:26.729402,1456,239.0858107081036,0
388,TCP,TCP,10.1.27.135,31.205.250.227,50177,80,2018-02-21 17:19:26.729426,66,239.5551600726766,0
389,TCP,TCP,31.205.250.227,10.1.27.135,80,50177,2018-02-21 17:19:26.729728,1456,239.87557635529686,0
390,TCP,TCP,10.1.27.135,31.205.250.227,50177,80,2018-02-21 17:19:26.729737,66,240.19386092390536,0
391,TCP,TCP,31.205.250.227,10.1.27.135,80,50181,2018-02-21 17:19:26.730277,1456,240.51407272591283,0
392,TCP,TCP,31.205.250.227,10.1.27.135,80,50181,2018-02-21 17:19:26.731829,1456,240.8320881109742,0
393,TCP,TCP,10.1.27.135,31.205.250.227,50181,80,2018-02-21 17:19:26.731853,54,241.29726691228308,0
394,TCP,TCP,31.205.250.227,10.1.27.135,80,50182,2018-02-21 17:19:26.732155,1456,241.76300300917117,0
395,TCP,TCP,10.1.27.135,31.205.250.227,50182,80,2018-02-21 17:19:26.732165,74,241.93005487398318,0
396,TCP,TCP,31.205.250.227,10.1.27.135,80,50182,2018-02-21 17:19:26.732562,1456,242.39366048573754,0
397,TCP,TCP,10.1.27.135,31.205.250.227,50182,80,2018-02-21 17:19:26.732574,74,242.70784708959226,0
398,TCP,TCP,31.205.250.227,10.1.27.135,80,50180,2018-02-21 17:19:26.732977,1456,243.02129964692512,0
399,TCP,TCP,31.205.250.227,10.1.27.135,80,50180,2018-02-21 17:19:26.733447,1456,243.3339502248785,0
400,TCP,TCP,10.1.27.135,31.205.250.227,50180,80,2018-02-21 17:19:26.733460,54,243.79467919186817,0
401,TCP,TCP,31.205.250.227,10.1.27.135,80,50179,2018-02-21 17:19:26.734907,1456,244.10588397163005,0
402,TCP,TCP,31.205.250.227,10.1.27.135,80,50179,2018-02-21 17:19:26.735324,1456,244.56529880053347,0
403,TCP,TCP,10.1.27.135,31.205.250.227,50179,80,2018-02-21 17:19:26.735333,54,244.87496054094578,0
404,TCP,TCP,31.205.250.227,10.1.27.135,80,50183,2018-02-21 17:19:26.735810,1456,245.33310322630993,0
405,TCP,TCP,10.1.27.135,31.205.250.227,50183,80,2018-02-21 17:19:26.735820,66,245.6412307590861,0
406,TCP,TCP,31.205.250.227,10.1.27.135,80,50183,2018-02-21 17:19:26.736176,1456,245.94860966299635,0
407,TCP,TCP,10.1.27.135,31.205.250.227,50183,80,2018-02-21 17:19:26.736198,66,246.25524266304143,0
408,TCP,TCP,31.205.250.227,10.1.27.135,80,50178,2018-02-21 17:19:26.736585,1456,246.7106395291254,0
409,TCP,TCP,31.205.250.227,10.1.27.135,80,50178,2018-02-21 17:19:26.738607,1456,247.0156858752822,0
410,TCP,TCP,10.1.27.135,31.205.250.227,50178,80,2018-02-21 17:19:26.738630,54,247.32017180023217,0
411,TCP,TCP,31.205.250.227,10.1.27.135,80,50181,2018-02-21 17:19:26.739063,1456,247.77358425479878,0
412,TCP,TCP,31.205.250.227,10.1.27.135,80,50181,2018-02-21 17:19:26.739481,1456,248.07653269750367,0
413,TCP,TCP,10.1.27.135,31.205.250.227,50181,80,2018-02-21 17:19:26.739488,54,248.45349076034262,0
414,TCP,TCP,31.205.250.227,10.1.27.135,80,50177,2018-02-21 17:19:26.739994,1456,248.82983811117427,0
415,TCP,TCP,10.1.27.135,31.205.250.227,50177,80,2018-02-21 17:19:26.740004,66,249.1306742389979,0
416,TCP,TCP,31.205.250.227,10.1.27.135,80,50177,2018-02-21 17:19:26.740350,1456,249.50568963996048,0
417,TCP,TCP,10.1.27.135,31.205.250.227,50177,80,2018-02-21 17:19:26.740365,66,249.88006469644716,0
418,TCP,TCP,31.205.250.227,10.1.27.135,80,50182,2018-02-21 17:19:26.740822,1456,250.17866660730482,0
419,TCP,TCP,10.1.27.135,31.205.250.227,50182,80,2018-02-21 17:19:26.740833,74,250.47658829938038,0
420,TCP,TCP,31.205.250.227,10.1.27.135,80,50182,2018-02-21 17:19:26.741313,1456,250.77372524623863,0
421,TCP,TCP,10.1.27.135,31.205.250.227,50182,80,2018-02-21 17:19:26.741323,74,251.0700800101918,0
422,TCP,TCP,31.205.250.227,10.1.27.135,80,50184,2018-02-21 17:19:26.741658,1456,251.51599637986726,0
423,TCP,TCP,31.205.250.227,10.1.27.135,80,50184,2018-02-21 17:19:26.742097,1456,251.81107682237206,0
424,TCP,TCP,10.1.27.135,31.205.250.227,50184,80,2018-02-21 17:19:26.742143,54,252.10431003649902,0
425,TCP,TCP,31.205.250.227,10.1.27.135,80,50180,2018-02-21 17:19:26.742548,1456,252.39902222202085,0
426,TCP,TCP,31.205.250.227,10.1.27.135,80,50180,2018-02-21 17:19:26.743008,1456,252.84236131777143,0
427,TCP,TCP,10.1.27.135,31.205.250.227,50180,80,2018-02-21 17:19:26.743017,54,253.13460162031672,0
428,TCP,TCP,31.205.250.227,10.1.27.135,80,50180,2018-02-21 17:19:26.743442,1456,253.5765346351441,0
429,TCP,TCP,31.205.250.227,10.1.27.135,80,50180,2018-02-21 17:19:26.743828,1456,253.8674907707324,0
430,TCP,TCP,10.1.27.135,31.205.250.227,50180,80,2018-02-21 17:19:26.743836,54,254.1577216045744,0
431,TCP,TCP,31.205.250.227,10.1.27.135,80,50179,2018-02-21 17:19:26.744313,1456,254.59788268057838,0
432,TCP,TCP,31.205.250.227,10.1.27.135,80,50179,2018-02-21 17:19:26.744707,1456,254.886734501819,0
433,TCP,TCP,10.1.27.135,31.205.250.227,50179,80,2018-02-21 17:19:26.744716,54,255.17393573181056,0
434,TCP,TCP,31.205.250.227,10.1.27.135,80,50181,2018-02-21 17:19:26.746474,1456,255.4621777791874,0
435,TCP,TCP,31.205.250.227,10.1.27.135,80,50181,2018-02-21 17:19:26.746818,1456,255.89978780703217,0
436,TCP,TCP,10.1.27.135,31.205.250.227,50181,80,2018-02-21 17:19:26.746826,54,256.1858788460631,0
437,TCP,TCP,31.205.250.227,10.1.27.135,80,50178,2018-02-21 17:19:26.747298,1456,256.4711888948311,0
438,TCP,TCP,31.205.250.227,10.1.27.135,80,50178,2018-02-21 17:19:26.747677,1456,256.7558280027287,0
439,TCP,TCP,10.1.27.135,31.205.250.227,50178,80,2018-02-21 17:19:26.747685,54,257.0400138256941,0
440,TCP,TCP,31.205.250.227,10.1.27.135,80,50182,2018-02-21 17:19:26.748148,1456,257.4743515335506,0
441,TCP,TCP,10.1.27.135,31.205.250.227,50182,80,2018-02-21 17:19:26.748158,74,257.75701649309957,0
442,TCP,TCP,31.205.250.227,10.1.27.135,80,50182,2018-02-21 17:19:26.748960,1456,258.190242853498,0
443,TCP,TCP,10.1.27.135,31.205.250.227,50182,80,2018-02-21 17:19:26.748972,74,258.4715380744999,0
444,TCP,TCP,31.205.250.227,10.1.27.135,80,50179,2018-02-21 17:19:26.749406,1456,258.752283517891,0
445,TCP,TCP,31.205.250.227,10.1.27.135,80,50179,2018-02-21 17:19:26.750417,1456,259.18362789953625,0
446,TCP,TCP,10.1.27.135,31.205.250.227,50179,80,2018-02-21 17:19:26.750425,54,259.4630154922476,0
447,TCP,TCP,31.205.250.227,10.1.27.135,80,50181,2018-02-21 17:19:26.750750,1456,259.7417519678876,0
448,TCP,TCP,31.205.250.227,10.1.27.135,80,50181,2018-02-21 17:19:26.751710,1456,260.01980361881823,0
449,TCP,TCP,10.1.27.135,31.205.250.227,50181,80,2018-02-21 17:19:26.751731,54,260.2972806514141,0
450,TCP,TCP,31.205.250.227,10.1.27.135,80,50183,2018-02-21 17:19:26.752128,1456,260.5740773746617,0
451,TCP,TCP,10.1.27.135,31.205.250.227,50183,80,2018-02-21 17:19:26.752138,66,261.001575559307,0
452,TCP,TCP,31.205.250.227,10.1.27.135,80,50183,2018-02-21 17:19:26.752565,1456,261.277038565479,0
453,TCP,TCP,10.1.27.135,31.205.250.227,50183,80,2018-02-21 17:19:26.752579,66,261.551899617973,0
454,TCP,TCP,31.205.250.227,10.1.27.135,80,50180,2018-02-21 17:19:26.753040,1456,261.825512908582,0
455,TCP,TCP,31.205.250.227,10.1.27.135,80,50180,2018-02-21 17:19:26.754115,1456,262.0997886620224,0
456,TCP,TCP,10.1.27.135,31.205.250.227,50180,80,2018-02-21 17:19:26.754125,54,262.52241944700165,0
457,TCP,TCP,31.205.250.227,10.1.27.135,80,50178,2018-02-21 17:19:26.754524,1456,262.79649869170515,0
458,TCP,TCP,31.205.250.227,10.1.27.135,80,50178,2018-02-21 17:19:26.754958,1456,263.2197599057611,0
459,TCP,TCP,10.1.27.135,31.205.250.227,50178,80,2018-02-21 17:19:26.754967,54,263.4908385879292,0
460,TCP,TCP,31.205.250.227,10.1.27.135,80,50177,2018-02-21 17:19:26.755445,1456,263.9129699109534,0
461,TCP,TCP,10.1.27.135,31.205.250.227,50177,80,2018-02-21 17:19:26.755456,66,264.1827487014075,0
462,TCP,TCP,31.205.250.227,10.1.27.135,80,50177,2018-02-21 17:19:26.755824,1456,264.4519081502545,0
463,TCP,TCP,10.1.27.135,31.205.250.227,50177,80,2018-02-21 17:19:26.755834,66,264.87231354718296,0
464,TCP,TCP,31.205.250.227,10.1.27.135,80,50184,2018-02-21 17:19:26.758210,1456,265.1401840790855,0
465,TCP,TCP,31.205.250.227,10.1.27.135,80,50184,2018-02-21 17:19:26.758598,1456,265.55947317590443,0
466,TCP,TCP,10.1.27.135,31.205.250.227,50184,80,2018-02-21 17:19:26.758608,54,265.8261340494037,0
467,TCP,TCP,31.205.250.227,10.1.27.135,80,50182,2018-02-21 17:19:26.759093,1456,266.24434825088633,0
468,TCP,TCP,10.1.27.135,31.205.250.227,50182,80,2018-02-21 17:19:26.759103,74,266.50969792429106,0
469,TCP,TCP,31.205.250.227,10.1.27.135,80,50182,2018-02-21 17:19:26.759494,1456,266.7745868179927,0
470,TCP,TCP,10.1.27.135,31.205.250.227,50182,80,2018-02-21 17:19:26.759526,74,267.03876372227097,0
471,TCP,TCP,31.205.250.227,10.1.27.135,80,50179,2018-02-21 17:19:26.759900,1456,267.30212224267166,0
472,TCP,TCP,31.205.250.227,10.1.27.135,80,50179,2018-02-21 17:19:26.760342,1456,267.6411695893151,0
473,TCP,TCP,10.1.27.135,31.205.250.227,50179,80,2018-02-21 17:19:26.760352,54,267.9035728204321,0
474,TCP,TCP,31.205.250.227,10.1.27.135,80,50181,2018-02-21 17:19:26.760821,1456,268.2415072039052,0
475,TCP,TCP,31.205.250.227,10.1.27.135,80,50181,2018-02-21 17:19:26.761872,1456,268.5787945236356,0
476,TCP,TCP,10.1.27.135,31.205.250.227,50181,80,2018-02-21 17:19:26.761913,54,268.9154723779886,0
477,TCP,TCP,31.205.250.227,10.1.27.135,80,50180,2018-02-21 17:19:26.762208,1456,269.25168712707074,0
478,TCP,TCP,31.205.250.227,10.1.27.135,80,50180,2018-02-21 17:19:26.762720,1456,269.51108262438396,0
479,TCP,TCP,10.1.27.135,31.205.250.227,50180,80,2018-02-21 17:19:26.762770,54,269.8460919378127,0
480,TCP,TCP,31.205.250.227,10.1.27.135,80,50183,2018-02-21 17:19:26.763084,1456,270.17973637805676,0
481,TCP,TCP,10.1.27.135,31.205.250.227,50183,80,2018-02-21 17:19:26.763098,66,270.5490186822642,0
482,TCP,TCP,31.205.250.227,10.1.27.135,80,50183,2018-02-21 17:19:26.763550,1456,270.8060721292397,0
483,TCP,TCP,10.1.27.135,31.205.250.227,50183,80,2018-02-21 17:19:26.763609,66,271.0625470648399,0
484,TCP,TCP,31.205.250.227,10.1.27.135,80,50179,2018-02-21 17:19:26.764001,1456,271.47097715974644,0
485,TCP,TCP,31.205.250.227,10.1.27.135,80,50179,2018-02-21 17:19:26.764436,1456,271.7262729437638,0
486,TCP,TCP,10.1.27.135,31.205.250.227,50179,80,2018-02-21 17:19:26.764447,54,272.1336424515463,0
487,TCP,TCP,31.205.250.227,10.1.27.135,80,50177,2018-02-21 17:19:26.764952,1456,272.54051837009877,0
488,TCP,TCP,10.1.27.135,31.205.250.227,50177,80,2018-02-21 17:19:26.764967,66,272.794006588147,0
489,TCP,TCP,31.205.250.227,10.1.27.135,80,50178,2018-02-21 17:19:26.765355,1456,273.0469634758697,0
490,TCP,TCP,31.205.250.227,10.1.27.135,80,50178,2018-02-21 17:19:26.768644,1456,273.45222616710316,0
491,TCP,TCP,10.1.27.135,31.205.250.227,50178,80,2018-02-21 17:19:26.768660,54,273.70398682969443,0
492,TCP,TCP,31.205.250.227,10.1.27.135,80,50177,2018-02-21 17:19:26.769069,1456,273.95514888529357,0
493,TCP,TCP,10.1.27.135,31.205.250.227,50177,80,2018-02-21 17:19:26.769085,66,274.3588832098019,0
494,TCP,TCP,31.205.250.227,10.1.27.135,80,50184,2018-02-21 17:19:26.770480,1456,274.60885881895933,0
495,TCP,TCP,31.205.250.227,10.1.27.135,80,50184,2018-02-21 17:19:26.770896,1456,274.8583503736875,0
496,TCP,TCP,10.1.27.135,31.205.250.227,50184,80,2018-02-21 17:19:26.770911,54,275.26038632980334,0
497,TCP,TCP,31.205.250.227,10.1.27.135,80,50182,2018-02-21 17:19:26.771341,1456,275.508774025928,0
498,TCP,TCP,10.1.27.135,31.205.250.227,50182,80,2018-02-21 17:19:26.771356,74,275.90970588312996,0
499,TCP,TCP,31.205.250.227,10.1.27.135,80,50182,2018-02-21 17:19:26.771835,1456,276.15692310899607,0
500,TCP,TCP,10.1.27.135,31.205.250.227,50182,80,2018-02-21 17:19:26.771849,74,276.40366508155756,0
501,TCP,TCP,31.205.250.227,10.1.27.135,80,50181,2018-02-21 17:19:26.772217,1456,276.8029905076568,0
502,TCP,TCP,31.205.250.227,10.1.27.135,80,50181,2018-02-21 17:19:26.773060,1456,277.0485351250767,0
503,TCP,TCP,10.1.27.135,31.205.250.227,50181,80,2018-02-21 17:19:26.773072,54,277.4469506063964,0
504,TCP,TCP,31.205.250.227,10.1.27.135,80,50180,2018-02-21 17:19:26.773542,1456,277.69141329432387,0
505,TCP,TCP,31.205.250.227,10.1.27.135,80,50180,2018-02-21 17:19:26.774560,1456,277.93529996300975,0
506,TCP,TCP,10.1.27.135,31.205.250.227,50180,80,2018-02-21 17:19:26.774570,54,278.332054972447,0
507,TCP,TCP,31.205.250.227,10.1.27.135,80,50179,2018-02-21 17:19:26.775642,1456,278.5747596594084,0
508,TCP,TCP,31.205.250.227,10.1.27.135,80,50179,2018-02-21 17:19:26.776051,1456,278.97058006380416,0
509,TCP,TCP,10.1.27.135,31.205.250.227,50179,80,2018-02-21 17:19:26.776077,54,279.2121816980264,0
510,TCP,TCP,31.205.250.227,10.1.27.135,80,50183,2018-02-21 17:19:26.776461,1456,279.45336177647624,0
511,TCP,TCP,10.1.27.135,31.205.250.227,50183,80,2018-02-21 17:19:26.776478,66,279.69401247217303,0
512,TCP,TCP,31.205.250.227,10.1.27.135,80,50183,2018-02-21 17:19:26.777040,1456,279.93402605420243,0
513,TCP,TCP,10.1.27.135,31.205.250.227,50183,80,2018-02-21 17:19:26.777056,66,280.17373267190976,0
514,TCP,TCP,31.205.250.227,10.1.27.135,80,50177,2018-02-21 17:19:26.778030,1456,280.4125867968052,0
515,TCP,TCP,10.1.27.135,31.205.250.227,50177,80,2018-02-21 17:19:26.778045,66,280.6512102775464,0
516,TCP,TCP,31.205.250.227,10.1.27.135,80,50177,2018-02-21 17:19:26.778420,1456,280.88913069322456,0
517,TCP,TCP,10.1.27.135,31.205.250.227,50177,80,2018-02-21 17:19:26.778435,66,281.12602186592454,0
518,TCP,TCP,31.205.250.227,10.1.27.135,80,50178,2018-02-21 17:19:26.778882,1456,281.3636348566977,0
519,TCP,TCP,31.205.250.227,10.1.27.135,80,50178,2018-02-21 17:19:26.779293,1456,281.60014902464536,0
520,TCP,TCP,10.1.27.135,31.205.250.227,50178,80,2018-02-21 17:19:26.779308,54,281.9892292597052,0
521,TCP,TCP,31.205.250.227,10.1.27.135,80,50184,2018-02-21 17:19:26.779731,1456,282.22460571538977,0
522,TCP,TCP,31.205.250.227,10.1.27.135,80,50184,2018-02-21 17:19:26.781066,1456,282.4594713528514,0
523,TCP,TCP,10.1.27.135,31.205.250.227,50184,80,2018-02-21 17:19:26.781080,54,282.8470667662777,0
524,TCP,TCP,31.205.250.227,10.1.27.135,80,50182,2018-02-21 17:19:26.781472,1456,283.0793449987796,0
525,TCP,TCP,10.1.27.135,31.205.250.227,50182,80,2018-02-21 17:19:26.781487,74,283.3142892579964,0
526,TCP,TCP,31.205.250.227,10.1.27.135,80,50182,2018-02-21 17:19:26.782427,1456,283.7004107360522,0
527,TCP,TCP,10.1.27.135,31.205.250.227,50182,80,2018-02-21 17:19:26.782441,74,283.93270337319365,0
528,TCP,TCP,31.205.250.227,10.1.27.135,80,50181,2018-02-21 17:19:26.783908,1456,284.1644217396141,0
529,TCP,TCP,31.205.250.227,10.1.27.135,80,50181,2018-02-21 17:19:26.784214,1456,284.5490798781259,0
530,TCP,TCP,10.1.27.135,31.205.250.227,50181,80,2018-02-21 17:19:26.784228,54,284.7797594814018,0
531,TCP,TCP,31.205.250.227,10.1.27.135,80,50183,2018-02-21 17:19:26.784652,1456,285.0083011887122,0
532,TCP,TCP,10.1.27.135,31.205.250.227,50183,80,2018-02-21 17:19:26.784667,66,285.2393751237569,0
533,TCP,TCP,31.205.250.227,10.1.27.135,80,50183,2018-02-21 17:19:26.785084,1456,285.46860612053723,0
534,TCP,TCP,10.1.27.135,31.205.250.227,50183,80,2018-02-21 17:19:26.785098,66,285.620799518473,0
535,TCP,TCP,31.205.250.227,10.1.27.135,80,50177,2018-02-21 17:19:26.786709,1456,285.9247196821021,0
536,TCP,TCP,10.1.27.135,31.205.250.227,50177,80,2018-02-21 17:19:26.786722,66,286.152407182516,0
537,TCP,TCP,31.205.250.227,10.1.27.135,80,50177,2018-02-21 17:19:26.787122,1456,286.4572964130729,0
538,TCP,TCP,10.1.27.135,31.205.250.227,50177,80,2018-02-21 17:19:26.787132,66,286.68402607544834,0
539,TCP,TCP,31.205.250.227,10.1.27.135,80,50181,2018-02-21 17:19:26.787692,1456,286.90448226017895,0
540,TCP,TCP,31.205.250.227,10.1.27.135,80,50181,2018-02-21 17:19:26.788221,1456,287.1302832948853,0
541,TCP,TCP,10.1.27.135,31.205.250.227,50181,80,2018-02-21 17:19:26.788243,54,287.508741253868,0
542,TCP,TCP,31.205.250.227,10.1.27.135,80,50177,2018-02-21 17:19:26.788670,1456,287.5804074503059,0
543,TCP,TCP,10.1.27.135,31.205.250.227,50177,80,2018-02-21 17:19:26.788680,66,287.8048427642675,0
544,TCP,TCP,31.205.250.227,10.1.27.135,80,50177,2018-02-21 17:19:26.791821,1456,288.02872888228205,0
545,TCP,TCP,10.1.27.135,31.205.250.227,50177,80,2018-02-21 17:19:26.791869,66,288.25214007978366,0
546,TCP,TCP,31.205.250.227,10.1.27.135,80,50178,2018-02-21 17:19:26.792255,1456,288.4750778663156,0
547,TCP,TCP,31.205.250.227,10.1.27.135,80,50178,2018-02-21 17:19:26.792779,1456,288.8503465963507,0
548,TCP,TCP,10.1.27.135,31.205.250.227,50178,80,2018-02-21 17:19:26.792790,54,289.0723705110988,0
549,TCP,TCP,31.205.250.227,10.1.27.135,80,50180,2018-02-21 17:19:26.793299,1456,289.44672826569126,0
550,TCP,TCP,31.205.250.227,10.1.27.135,80,50180,2018-02-21 17:19:26.793794,1456,289.51486713677787,0
551,TCP,TCP,10.1.27.135,31.205.250.227,50180,80,2018-02-21 17:19:26.793802,54,289.8882741871208,0
552,TCP,TCP,31.205.250.227,10.1.27.135,80,50182,2018-02-21 17:19:26.795966,1456,290.2612511447755,0
553,TCP,TCP,10.1.27.135,31.205.250.227,50182,80,2018-02-21 17:19:26.795990,74,290.48078101748985,0
554,TCP,TCP,31.205.250.227,10.1.27.135,80,50182,2018-02-21 17:19:26.796514,1456,290.6997761494375,0
555,TCP,TCP,10.1.27.135,31.205.250.227,50182,80,2018-02-21 17:19:26.796530,74,291.0714547403795,0
556,TCP,TCP,31.205.250.227,10.1.27.135,80,50179,2018-02-21 17:19:26.797025,1456,291.28952044581155,0
557,TCP,TCP,31.205.250.227,10.1.27.135,80,50179,2018-02-21 17:19:26.797478,1456,291.66023141536704,0
558,TCP,TCP,10.1.27.135,31.205.250.227,50179,80,2018-02-21 17:19:26.797489,54,291.8764627204346,0
559,TCP,TCP,31.205.250.227,10.1.27.135,80,50181,2018-02-21 17:19:26.799471,1456,292.0940225904774,0
560,TCP,TCP,31.205.250.227,10.1.27.135,80,50181,2018-02-21 17:19:26.799872,1456,292.46148447961184,0
561,TCP,TCP,10.1.27.135,31.205.250.227,50181,80,2018-02-21 17:19:26.799881,54,292.67907484236036,0
562,TCP,TCP,31.205.250.227,10.1.27.135,80,50184,2018-02-21 17:19:26.800396,1456,292.8943934528404,0
563,TCP,TCP,31.205.250.227,10.1.27.135,80,50184,2018-02-21 17:19:26.800895,1456,293.2622937912017,0
564,TCP,TCP,10.1.27.135,31.205.250.227,50184,80,2018-02-21 17:19:26.800904,54,293.4766304843395,0
565,TCP,TCP,31.205.250.227,10.1.27.135,80,50177,2018-02-21 17:19:26.801424,1456,293.84365160523464,0
566,TCP,TCP,10.1.27.135,31.205.250.227,50177,80,2018-02-21 17:19:26.801439,66,294.057047642429,0
567,TCP,TCP,31.205.250.227,10.1.27.135,80,50177,2018-02-21 17:19:26.802549,1456,294.2699994914369,0
568,TCP,TCP,10.1.27.135,31.205.250.227,50177,80,2018-02-21 17:19:26.802561,66,294.4825085376966,0
569,TCP,TCP,31.205.250.227,10.1.27.135,80,50183,2018-02-21 17:19:26.803107,1456,294.8476721014157,0
570,TCP,TCP,10.1.27.135,31.205.250.227,50183,80,2018-02-21 17:19:26.803118,66,295.05928699605806,0
571,TCP,TCP,31.205.250.227,10.1.27.135,80,50183,2018-02-21 17:19:26.803600,1456,295.42358303977414,0
572,TCP,TCP,10.1.27.135,31.205.250.227,50183,80,2018-02-21 17:19:26.803643,66,295.63423569761426,0
573,TCP,TCP,31.205.250.227,10.1.27.135,80,50179,2018-02-21 17:19:26.804139,1456,295.99766782031725,0
574,TCP,TCP,31.205.250.227,10.1.27.135,80,50179,2018-02-21 17:19:26.804619,1456,296.20747228172957,0
575,TCP,TCP,10.1.27.135,31.205.250.227,50179,80,2018-02-21 17:19:26.804631,54,296.4167337736337,0
576,TCP,TCP,31.205.250.227,10.1.27.135,80,50181,2018-02-21 17:19:26.805206,1456,296.7787863871759,0
577,TCP,TCP,31.205.250.227,10.1.27.135,80,50181,2018-02-21 17:19:26.805703,1456,296.9872798454855,0
578,TCP,TCP,10.1.27.135,31.205.250.227,50181,80,2018-02-21 17:19:26.805735,54,297.34844139403884,0
579,TCP,TCP,31.205.250.227,10.1.27.135,80,50180,2018-02-21 17:19:26.806942,1456,297.55595278660275,0
580,TCP,TCP,31.205.250.227,10.1.27.135,80,50180,2018-02-21 17:19:26.807480,1456,297.7630005135921,0
581,TCP,TCP,10.1.27.135,31.205.250.227,50180,80,2018-02-21 17:19:26.807533,54,297.96965879781146,0
582,TCP,TCP,31.205.250.227,10.1.27.135,80,50178,2018-02-21 17:19:26.807938,1456,298.32912513658687,0
583,TCP,TCP,31.205.250.227,10.1.27.135,80,50178,2018-02-21 17:19:26.808439,1456,298.5348109831173,0
584,TCP,TCP,10.1.27.135,31.205.250.227,50178,80,2018-02-21 17:19:26.808451,54,298.89347038531014,0
585,TCP,TCP,31.205.250.227,10.1.27.135,80,50179,2018-02-21 17:19:26.809002,1456,299.0982247689781,0
586,TCP,TCP,31.205.250.227,10.1.27.135,80,50179,2018-02-21 17:19:26.810636,1456,299.45597128960185,0
587,TCP,TCP,10.1.27.135,31.205.250.227,50179,80,2018-02-21 17:19:26.810676,54,299.8134243680134,0
588,TCP,TCP,31.205.250.227,10.1.27.135,80,50177,2018-02-21 17:19:26.811183,1456,300.0168547075839,0
589,TCP,TCP,10.1.27.135,31.205.250.227,50177,80,2018-02-21 17:19:26.811237,66,300.21975967545166,0
590,TCP,TCP,31.205.250.227,10.1.27.135,80,50177,2018-02-21 17:19:26.811684,1456,300.4223230169662,0
591,TCP,TCP,10.1.27.135,31.205.250.227,50177,80,2018-02-21 17:19:26.811711,66,300.70131114083955,0
592,TCP,TCP,31.205.250.227,10.1.27.135,80,50184,2018-02-21 17:19:26.812176,1456,300.9797997918984,0
593,TCP,TCP,31.205.250.227,10.1.27.135,80,50184,2018-02-21 17:19:26.812678,1456,301.25782640161094,0
594,TCP,TCP,10.1.27.135,31.205.250.227,50184,80,2018-02-21 17:19:26.812692,54,301.53546491693186,0
595,TCP,TCP,31.205.250.227,10.1.27.135,80,50183,2018-02-21 17:19:26.815752,1456,301.73590243802175,0
596,TCP,TCP,10.1.27.135,31.205.250.227,50183,80,2018-02-21 17:19:26.815801,66,301.9360055947063,0
597,TCP,TCP,31.205.250.227,10.1.27.135,80,50183,2018-02-21 17:19:26.816317,1456,302.13566618152805,0
598,TCP,TCP,10.1.27.135,31.205.250.227,50183,80,2018-02-21 17:19:26.816332,66,302.41158122752734,0
599,TCP,TCP,31.205.250.227,10.1.27.135,80,50182,2018-02-21 17:19:26.816788,1456,302.6100780088249,0
600,TCP,TCP,10.1.27.135,31.205.250.227,50182,80,2018-02-21 17:19:26.816828,74,302.8085733713096,0
601,TCP,TCP,31.205.250.227,10.1.27.135,80,50182,2018-02-21 17:19:26.817451,1456,303.1597922311579,0
602,TCP,TCP,10.1.27.135,31.205.250.227,50182,80,2018-02-21 17:19:26.817461,74,303.35739491699326,0
603,TCP,TCP,31.205.250.227,10.1.27.135,80,50181,2018-02-21 17:19:26.817758,1456,303.7078043961383,0
604,TCP,TCP,31.205.250.227,10.1.27.135,80,50181,2018-02-21 17:19:26.818649,1456,303.90451866942067,0
605,TCP,TCP,10.1.27.135,31.205.250.227,50181,80,2018-02-21 17:19:26.818659,54,304.1007999328895,0
606,TCP,TCP,31.205.250.227,10.1.27.135,80,50181,2018-02-21 17:19:26.819919,1456,304.2967951452311,0
607,DNS,UDP,10.1.27.135,10.1.27.254,53734,53,2018-02-21 17:19:26.821126,132,304.64549735517227,0
608,TCP,TCP,31.205.250.227,10.1.27.135,80,50181,2018-02-21 17:19:26.821615,1456,304.8406130147286,0
609,TCP,TCP,10.1.27.135,31.205.250.227,50181,80,2018-02-21 17:19:26.821627,54,305.1886256105371,0
610,TCP,TCP,31.205.250.227,10.1.27.135,80,50180,2018-02-21 17:19:26.822658,1456,305.3828294079368,0
611,TCP,TCP,31.205.250.227,10.1.27.135,80,50180,2018-02-21 17:19:26.823218,1456,305.7300098051882,0
612,TCP,TCP,10.1.27.135,31.205.250.227,50180,80,2018-02-21 17:19:26.823259,54,306.07676905656996,0
613,TCP,TCP,31.205.250.227,10.1.27.135,80,50179,2018-02-21 17:19:26.823767,1456,306.26973018785776,0
614,TCP,TCP,31.205.250.227,10.1.27.135,80,50179,2018-02-21 17:19:26.824281,1456,306.46234151362705,0
615,TCP,TCP,10.1.27.135,31.205.250.227,50179,80,2018-02-21 17:19:26.824304,54,306.80786704112455,0
616,TCP,TCP,31.205.250.227,10.1.27.135,80,50178,2018-02-21 17:19:26.824739,1456,306.9996883295641,0
617,TCP,TCP,31.205.250.227,10.1.27.135,80,50177,2018-02-21 17:19:26.825487,1456,307.190397382831,0
618,TCP,TCP,10.1.27.135,31.205.250.227,50177,80,2018-02-21 17:19:26.825515,66,307.3820374176293,0
619,TCP,TCP,31.205.250.227,10.1.27.135,80,50178,2018-02-21 17:19:26.826820,1456,307.725971699786,0
620,TCP,TCP,10.1.27.135,31.205.250.227,50178,80,2018-02-21 17:19:26.826846,54,307.91613733380115,0
621,TCP,TCP,31.205.250.227,10.1.27.135,80,50177,2018-02-21 17:19:26.827180,1456,308.10588811575775,0
622,TCP,TCP,10.1.27.135,31.205.250.227,50177,80,2018-02-21 17:19:26.827209,66,308.4480604246081,0
623,TCP,TCP,31.205.250.227,10.1.27.135,80,50184,2018-02-21 17:19:26.827773,1456,308.63758286130115,0
624,TCP,TCP,31.205.250.227,10.1.27.135,80,50184,2018-02-21 17:19:26.828261,1456,308.82614672950535,0
625,TCP,TCP,10.1.27.135,31.205.250.227,50184,80,2018-02-21 17:19:26.828288,54,309.1676224565914,0
626,TCP,TCP,31.205.250.227,10.1.27.135,80,50183,2018-02-21 17:19:26.828692,1456,309.3554900102905,0
627,TCP,TCP,10.1.27.135,31.205.250.227,50183,80,2018-02-21 17:19:26.828705,66,309.69612331749266,0
628,TCP,TCP,31.205.250.227,10.1.27.135,80,50183,2018-02-21 17:19:26.829609,1456,309.88264232301253,0
629,TCP,TCP,10.1.27.135,31.205.250.227,50183,80,2018-02-21 17:19:26.829635,66,310.06984882459943,0
630,TCP,TCP,31.205.250.227,10.1.27.135,80,50183,2018-02-21 17:19:26.830682,1456,310.4093240803001,0
631,TCP,TCP,10.1.27.135,31.205.250.227,50183,80,2018-02-21 17:19:26.830708,66,310.59518807362167,0
632,TCP,TCP,31.205.250.227,10.1.27.135,80,50183,2018-02-21 17:19:26.831882,1456,310.93390168187926,0
633,TCP,TCP,10.1.27.135,31.205.250.227,50183,80,2018-02-21 17:19:26.831894,66,311.1190103605777,0
634,TCP,TCP,31.205.250.227,10.1.27.135,80,50182,2018-02-21 17:19:26.832385,1456,311.4570018388597,0
635,TCP,TCP,10.1.27.135,31.205.250.227,50182,80,2018-02-21 17:19:26.832412,74,311.6412131923103,0
636,TCP,TCP,31.205.250.227,10.1.27.135,80,50182,2018-02-21 17:19:26.832901,1456,311.8250987203209,0
637,TCP,TCP,10.1.27.135,31.205.250.227,50182,80,2018-02-21 17:19:26.832916,74,312.16198572554714,0
638,TCP,TCP,31.205.250.227,10.1.27.135,80,50181,2018-02-21 17:19:26.833532,1456,312.3450527637578,0
639,TCP,TCP,31.205.250.227,10.1.27.135,80,50181,2018-02-21 17:19:26.833917,1456,312.68111594817503,0
640,TCP,TCP,10.1.27.135,31.205.250.227,50181,80,2018-02-21 17:19:26.833941,54,312.8634777222025,0
641,TCP,TCP,31.205.250.227,10.1.27.135,80,50180,2018-02-21 17:19:26.834518,1456,313.19882947195765,0
642,TCP,TCP,31.205.250.227,10.1.27.135,80,50180,2018-02-21 17:19:26.835013,1456,313.3803438597896,0
643,TCP,TCP,10.1.27.135,31.205.250.227,50180,80,2018-02-21 17:19:26.835025,54,313.7149506146315,0
644,TCP,TCP,31.205.250.227,10.1.27.135,80,50179,2018-02-21 17:19:26.835654,1456,313.89562137551627,0
645,TCP,TCP,31.205.250.227,10.1.27.135,80,50179,2018-02-21 17:19:26.836102,1456,314.0761579451284,0
646,TCP,TCP,10.1.27.135,31.205.250.227,50179,80,2018-02-21 17:19:26.836109,54,314.25616016308027,0
647,TCP,TCP,31.205.250.227,10.1.27.135,80,50177,2018-02-21 17:19:26.836577,1456,314.43603004674515,0
648,TCP,TCP,10.1.27.135,31.205.250.227,50177,80,2018-02-21 17:19:26.836620,66,314.7685466899728,0
649,TCP,TCP,31.205.250.227,10.1.27.135,80,50177,2018-02-21 17:19:26.837169,1456,314.94750989177646,0
650,TCP,TCP,10.1.27.135,31.205.250.227,50177,80,2018-02-21 17:19:26.837181,66,315.20256259689313,0
651,TCP,TCP,31.205.250.227,10.1.27.135,80,50178,2018-02-21 17:19:26.837685,1456,315.4561134605598,0
652,TCP,TCP,31.205.250.227,10.1.27.135,80,50178,2018-02-21 17:19:26.838859,1456,315.6352854951541,0
653,TCP,TCP,10.1.27.135,31.205.250.227,50178,80,2018-02-21 17:19:26.838872,54,315.8893280340654,0
654,TCP,TCP,31.205.250.227,10.1.27.135,80,50184,2018-02-21 17:19:26.839435,1456,316.14307394710977,0
655,TCP,TCP,31.205.250.227,10.1.27.135,80,50184,2018-02-21 17:19:26.839958,1456,316.3964147402101,0
656,TCP,TCP,10.1.27.135,31.205.250.227,50184,80,2018-02-21 17:19:26.840018,54,316.64949697346265,0
657,TCP,TCP,31.205.250.227,10.1.27.135,80,50183,2018-02-21 17:19:26.840406,1456,316.902102807715,0
658,TCP,TCP,10.1.27.135,31.205.250.227,50183,80,2018-02-21 17:19:26.840417,66,317.077750368996,0
659,TCP,TCP,31.205.250.227,10.1.27.135,80,50183,2018-02-21 17:19:26.840975,1456,317.2530587893119,0
660,TCP,TCP,10.1.27.135,31.205.250.227,50183,80,2018-02-21 17:19:26.841035,66,317.4178741180609,0
661,TCP,TCP,31.205.250.227,10.1.27.135,80,50182,2018-02-21 17:19:26.841615,1456,317.59454876974905,0
662,TCP,TCP,10.1.27.135,31.205.250.227,50182,80,2018-02-21 17:19:26.841663,74,317.7688490013035,0
663,TCP,TCP,31.205.250.227,10.1.27.135,80,50182,2018-02-21 17:19:26.842047,1456,317.94274129309264,0
664,TCP,TCP,10.1.27.135,31.205.250.227,50182,80,2018-02-21 17:19:26.842057,74,318.1153182908967,0
665,TCP,TCP,31.205.250.227,10.1.27.135,80,50181,2018-02-21 17:19:26.842566,1456,318.28970581724053,0
666,TCP,TCP,31.205.250.227,10.1.27.135,80,50181,2018-02-21 17:19:26.843083,1456,318.61541244597845,0
667,TCP,TCP,10.1.27.135,31.205.250.227,50181,80,2018-02-21 17:19:26.843093,54,318.78794613606465,0
668,TCP,TCP,31.205.250.227,10.1.27.135,80,50180,2018-02-21 17:19:26.843625,1456,319.11305503622174,0
669,TCP,TCP,31.205.250.227,10.1.27.135,80,50180,2018-02-21 17:19:26.844162,1456,319.2848647363779,0
670,TCP,TCP,10.1.27.135,31.205.250.227,50180,80,2018-02-21 17:19:26.844201,54,319.4564547925908,0
671,TCP,TCP,31.205.250.227,10.1.27.135,80,50179,2018-02-21 17:19:26.844704,1456,319.62760820962393,0
672,TCP,TCP,31.205.250.227,10.1.27.135,80,50179,2018-02-21 17:19:26.845173,1456,319.95108489412144,0
673,TCP,TCP,10.1.27.135,31.205.250.227,50179,80,2018-02-21 17:19:26.845197,54,320.12155781331296,0
674,TCP,TCP,31.205.250.227,10.1.27.135,80,50177,2018-02-21 17:19:26.845723,1456,320.4443726038602,0
675,TCP,TCP,10.1.27.135,31.205.250.227,50177,80,2018-02-21 17:19:26.845770,66,320.61413209099055,0
676,TCP,TCP,31.205.250.227,10.1.27.135,80,50177,2018-02-21 17:19:26.846988,1456,320.7823708427458,0
677,TCP,TCP,10.1.27.135,31.205.250.227,50177,80,2018-02-21 17:19:26.847047,66,320.9527915623779,0
678,TCP,TCP,31.205.250.227,10.1.27.135,80,50184,2018-02-21 17:19:26.847438,1456,321.2741378293561,0
679,TCP,TCP,31.205.250.227,10.1.27.135,80,50184,2018-02-21 17:19:26.848093,1456,321.44254557837274,0
680,TCP,TCP,10.1.27.135,31.205.250.227,50184,80,2018-02-21 17:19:26.848137,54,321.61059761321866,0
681,TCP,TCP,31.205.250.227,10.1.27.135,80,50178,2018-02-21 17:19:26.848470,1456,321.7784036380305,0
682,TCP,TCP,31.205.250.227,10.1.27.135,80,50178,2018-02-21 17:19:26.849014,1456,322.0982574020271,0
683,TCP,TCP,10.1.27.135,31.205.250.227,50178,80,2018-02-21 17:19:26.849028,54,322.26532763193995,0
684,TCP,TCP,31.205.250.227,10.1.27.135,80,50183,2018-02-21 17:19:26.850110,1456,322.5844972550727,0
685,TCP,TCP,10.1.27.135,31.205.250.227,50183,80,2018-02-21 17:19:26.850126,66,322.7509437586674,0
686,TCP,TCP,31.205.250.227,10.1.27.135,80,50183,2018-02-21 17:19:26.850795,1456,322.9163150431493,0
687,TCP,TCP,10.1.27.135,31.205.250.227,50183,80,2018-02-21 17:19:26.850809,66,323.23514911960507,0
688,TCP,TCP,31.205.250.227,10.1.27.135,80,50181,2018-02-21 17:19:26.851108,1456,323.4005539883079,0
689,TCP,TCP,31.205.250.227,10.1.27.135,80,50182,2018-02-21 17:19:26.851739,1456,323.71802205813333,0
690,TCP,TCP,10.1.27.135,31.205.250.227,50182,80,2018-02-21 17:19:26.851754,74,323.88270267445233,0
691,TCP,TCP,31.205.250.227,10.1.27.135,80,50182,2018-02-21 17:19:26.852139,1456,324.0470735557851,0
692,TCP,TCP,10.1.27.135,31.205.250.227,50182,80,2018-02-21 17:19:26.852166,74,324.2111355751454,0
693,TCP,TCP,31.205.250.227,10.1.27.135,80,50180,2018-02-21 17:19:26.852746,1456,324.3748896022691,0
694,TCP,TCP,31.205.250.227,10.1.27.135,80,50180,2018-02-21 17:19:26.853212,1456,324.69059642808185,0
695,TCP,TCP,10.1.27.135,31.205.250.227,50180,80,2018-02-21 17:19:26.853226,54,324.8536708167853,0
696,TCP,TCP,31.205.250.227,10.1.27.135,80,50179,2018-02-21 17:19:26.853839,1456,325.1669349625047,0
697,TCP,TCP,31.205.250.227,10.1.27.135,80,50179,2018-02-21 17:19:26.854925,1456,325.33107144824487,0
698,TCP,TCP,10.1.27.135,31.205.250.227,50179,80,2018-02-21 17:19:26.854939,54,325.4932018444759,0
699,TCP,TCP,31.205.250.227,10.1.27.135,80,50177,2018-02-21 17:19:26.855365,1456,325.807205763544,0
700,TCP,TCP,10.1.27.135,31.205.250.227,50177,80,2018-02-21 17:19:26.855380,66,325.81648244688,0
701,TCP,TCP,31.205.250.227,10.1.27.135,80,50177,2018-02-21 17:19:26.855933,1456,326.1297496786628,0
702,TCP,TCP,10.1.27.135,31.205.250.227,50177,80,2018-02-21 17:19:26.855947,66,326.29049836184385,0
703,TCP,TCP,31.205.250.227,10.1.27.135,80,50181,2018-02-21 17:19:26.856353,1456,326.4510560185557,0
704,TCP,TCP,10.1.27.135,31.205.250.227,50181,80,2018-02-21 17:19:26.856367,54,326.61127883437166,0
705,TCP,TCP,31.205.250.227,10.1.27.135,80,50181,2018-02-21 17:19:26.856835,1456,326.9231208067493,0
706,TCP,TCP,31.205.250.227,10.1.27.135,80,50184,2018-02-21 17:19:26.861775,1456,327.08271788569516,0
707,TCP,TCP,31.205.250.227,10.1.27.135,80,50184,2018-02-21 17:19:26.862999,1456,327.24122425134084,0
708,TCP,TCP,10.1.27.135,31.205.250.227,50184,80,2018-02-21 17:19:26.863059,54,327.4766641078594,0
709,TCP,TCP,31.205.250.227,10.1.27.135,80,50178,2018-02-21 17:19:26.863549,1456,327.63526929448875,0
710,TCP,TCP,31.205.250.227,10.1.27.135,80,50178,2018-02-21 17:19:26.864115,1456,327.79365292697764,0
711,TCP,TCP,10.1.27.135,31.205.250.227,50178,80,2018-02-21 17:19:26.864130,54,328.02753444610687,0
712,TCP,TCP,31.205.250.227,10.1.27.135,80,50183,2018-02-21 17:19:26.864485,1456,328.26112765906464,0
713,TCP,TCP,10.1.27.135,31.205.250.227,50183,80,2018-02-21 17:19:26.864525,66,328.4943971588047,0
714,TCP,TCP,31.205.250.227,10.1.27.135,80,50183,2018-02-21 17:19:26.864963,1456,328.7273075338611,0
715,TCP,TCP,10.1.27.135,31.205.250.227,50183,80,2018-02-21 17:19:26.864989,66,328.9599677065154,0
716,DNS,UDP,10.1.27.254,10.1.27.135,53,62002,2018-02-21 17:19:26.868272,82,329.19216183891155,0
717,TCP,TCP,31.205.250.227,10.1.27.135,80,50182,2018-02-21 17:19:26.868707,1456,329.42421536099164,0
718,TCP,TCP,10.1.27.135,31.205.250.227,50182,80,2018-02-21 17:19:26.868725,74,329.73163801228395,0
719,TCP,TCP,31.205.250.227,10.1.27.135,80,50182,2018-02-21 17:19:26.869144,1456,329.88703718856203,0
720,TCP,TCP,10.1.27.135,31.205.250.227,50182,80,2018-02-21 17:19:26.869172,74,330.0421867054337,0
721,TCP,TCP,31.205.250.227,10.1.27.135,80,50180,2018-02-21 17:19:26.869564,1456,330.1970873015726,0
722,TCP,TCP,31.205.250.227,10.1.27.135,80,50180,2018-02-21 17:19:26.870672,1456,330.3516676375553,0
723,TCP,TCP,10.1.27.135,31.205.250.227,50180,80,2018-02-21 17:19:26.870685,54,330.657539991266,0
724,TCP,TCP,31.205.250.227,10.1.27.135,80,50179,2018-02-21 17:19:26.870996,1456,330.8109453999138,0
725,TCP,TCP,31.205.250.227,10.1.27.135,80,50179,2018-02-21 17:19:26.871422,1456,331.1166554856042,0
726,TCP,TCP,10.1.27.135,31.205.250.227,50179,80,2018-02-21 17:19:26.871431,54,331.27004211881257,0
727,TCP,TCP,31.205.250.227,10.1.27.135,80,50181,2018-02-21 17:19:26.871947,1456,331.57458321005004,0
728,TCP,TCP,10.1.27.135,31.205.250.227,50181,80,2018-02-21 17:19:26.871957,54,331.7272691915335,0
729,TCP,TCP,31.205.250.227,10.1.27.135,80,50181,2018-02-21 17:19:26.872321,1456,331.87967638762154,0
730,TCP,TCP,31.205.250.227,10.1.27.135,80,50177,2018-02-21 17:19:26.874876,1456,332.0318415673059,0
731,TCP,TCP,10.1.27.135,31.205.250.227,50177,80,2018-02-21 17:19:26.874891,66,332.18369346199574,0
732,TCP,TCP,31.205.250.227,10.1.27.135,80,50177,2018-02-21 17:19:26.875217,1456,332.48660601931005,0
733,TCP,TCP,10.1.27.135,31.205.250.227,50177,80,2018-02-21 17:19:26.875232,66,332.6378727620644,0
734,TCP,TCP,31.205.250.227,10.1.27.135,80,50184,2018-02-21 17:19:26.875714,1456,332.788756553231,0
735,TCP,TCP,31.205.250.227,10.1.27.135,80,50184,2018-02-21 17:19:26.876140,1456,333.090777862115,0
736,TCP,TCP,10.1.27.135,31.205.250.227,50184,80,2018-02-21 17:19:26.876153,54,333.23885047889877,0
737,TCP,TCP,31.205.250.227,10.1.27.135,80,50178,2018-02-21 17:19:26.876493,1456,333.5424857983958,0
738,TCP,TCP,31.205.250.227,10.1.27.135,80,50178,2018-02-21 17:19:26.877427,1456,333.69213872398666,0
739,TCP,TCP,10.1.27.135,31.205.250.227,50178,80,2018-02-21 17:19:26.877453,54,333.9929296211977,0
740,TCP,TCP,31.205.250.227,10.1.27.135,80,50183,2018-02-21 17:19:26.877687,1456,334.142043245756,0
741,TCP,TCP,10.1.27.135,31.205.250.227,50183,80,2018-02-21 17:19:26.877702,66,334.2908511147029,0
742,TCP,TCP,31.205.250.227,10.1.27.135,80,50183,2018-02-21 17:19:26.878842,1456,334.59061949245046,0
743,TCP,TCP,10.1.27.135,31.205.250.227,50183,80,2018-02-21 17:19:26.878891,66,334.7388563164511,0
744,TCP,TCP,31.205.250.227,10.1.27.135,80,50182,2018-02-21 17:19:26.879242,1456,334.8857114341794,0
745,TCP,TCP,10.1.27.135,31.205.250.227,50182,80,2018-02-21 17:19:26.879254,74,335.0345637869211,0
746,TCP,TCP,31.205.250.227,10.1.27.135,80,50182,2018-02-21 17:19:26.879700,1456,335.33308712560046,0
747,TCP,TCP,10.1.27.135,31.205.250.227,50182,80,2018-02-21 17:19:26.879747,74,335.48015212297815,0
748,TCP,TCP,31.205.250.227,10.1.27.135,80,50180,2018-02-21 17:19:26.880066,1456,335.6269883373413,0
749,TCP,TCP,31.205.250.227,10.1.27.135,80,50180,2018-02-21 17:19:26.880499,1456,335.7735964327898,0
750,TCP,TCP,10.1.27.135,31.205.250.227,50180,80,2018-02-21 17:19:26.880510,54,336.070813016616,0
751,TCP,TCP,31.205.250.227,10.1.27.135,80,50181,2018-02-21 17:19:26.880997,1456,336.216825281311,0
752,TCP,TCP,10.1.27.135,31.205.250.227,50181,80,2018-02-21 17:19:26.881006,54,336.51344291629647,0
753,TCP,TCP,31.205.250.227,10.1.27.135,80,50181,2018-02-21 17:19:26.881475,1456,336.8097585446132,0
754,TCP,TCP,31.205.250.227,10.1.27.135,80,50179,2018-02-21 17:19:26.881849,1456,336.954882854432,0
755,TCP,TCP,31.205.250.227,10.1.27.135,80,50179,2018-02-21 17:19:26.882330,1456,337.25060257182514,0
756,TCP,TCP,10.1.27.135,31.205.250.227,50179,80,2018-02-21 17:19:26.882363,54,337.3951017230816,0
757,TCP,TCP,31.205.250.227,10.1.27.135,80,50177,2018-02-21 17:19:26.882772,1456,337.6902994745897,0
758,TCP,TCP,10.1.27.135,31.205.250.227,50177,80,2018-02-21 17:19:26.882781,66,337.8341760904359,0
759,TCP,TCP,31.205.250.227,10.1.27.135,80,50177,2018-02-21 17:19:26.884224,1456,338.12871034844983,0
760,TCP,TCP,10.1.27.135,31.205.250.227,50177,80,2018-02-21 17:19:26.884253,66,338.27203889893184,0
761,TCP,TCP,31.205.250.227,10.1.27.135,80,50184,2018-02-21 17:19:26.884629,1456,338.4151118476262,0
762,TCP,TCP,31.205.250.227,10.1.27.135,80,50184,2018-02-21 17:19:26.885055,1456,338.7087666599795,0
763,TCP,TCP,10.1.27.135,31.205.250.227,50184,80,2018-02-21 17:19:26.885083,54,338.8512237170258,0
764,TCP,TCP,31.205.250.227,10.1.27.135,80,50178,2018-02-21 17:19:26.885556,1456,338.99346312300906,0
765,TCP,TCP,31.205.250.227,10.1.27.135,80,50178,2018-02-21 17:19:26.886458,1456,339.28620779571787,0
766,TCP,TCP,10.1.27.135,31.205.250.227,50178,80,2018-02-21 17:19:26.886471,54,339.42783527754466,0
767,TCP,TCP,31.205.250.227,10.1.27.135,80,50183,2018-02-21 17:19:26.886857,1456,339.5691395969247,0
768,TCP,TCP,10.1.27.135,31.205.250.227,50183,80,2018-02-21 17:19:26.886872,66,339.71033647952055,0
769,TCP,TCP,31.205.250.227,10.1.27.135,80,50183,2018-02-21 17:19:26.887239,1456,339.92621199276437,0
770,TCP,TCP,10.1.27.135,31.205.250.227,50183,80,2018-02-21 17:19:26.887253,66,340.1420868493887,0
771,TCP,TCP,31.205.250.227,10.1.27.135,80,50180,2018-02-21 17:19:26.887727,1456,340.2823926152872,0
772,TCP,TCP,31.205.250.227,10.1.27.135,80,50180,2018-02-21 17:19:26.888111,1456,340.4958709389224,0
773,TCP,TCP,10.1.27.135,31.205.250.227,50180,80,2018-02-21 17:19:26.888126,54,340.6375073321393,0
774,TCP,TCP,31.205.250.227,10.1.27.135,80,50182,2018-02-21 17:19:26.888627,1456,340.8523153429941,0
775,TCP,TCP,10.1.27.135,31.205.250.227,50182,80,2018-02-21 17:19:26.888642,74,340.991489651409,0
776,TCP,TCP,31.205.250.227,10.1.27.135,80,50182,2018-02-21 17:19:26.889029,1456,341.1305615378262,0
777,TCP,TCP,10.1.27.135,31.205.250.227,50182,80,2018-02-21 17:19:26.889044,74,341.26931702767257,0
778,TCP,TCP,31.205.250.227,10.1.27.135,80,50181,2018-02-21 17:19:26.889467,1456,341.4076139905654,0
779,TCP,TCP,10.1.27.135,31.205.250.227,50181,80,2018-02-21 17:19:26.889482,54,341.5458818081419,0
780,TCP,TCP,31.205.250.227,10.1.27.135,80,50181,2018-02-21 17:19:26.889898,1456,341.8341025467685,0
781,TCP,TCP,31.205.250.227,10.1.27.135,80,50179,2018-02-21 17:19:26.890300,1456,341.97177808857305,0
782,TCP,TCP,31.205.250.227,10.1.27.135,80,50179,2018-02-21 17:19:26.890814,1456,342.1092834037433,0
783,TCP,TCP,10.1.27.135,31.205.250.227,50179,80,2018-02-21 17:19:26.890863,54,342.2464763611455,0
784,TCP,TCP,31.205.250.227,10.1.27.135,80,50177,2018-02-21 17:19:26.891205,1456,342.53343512458645,0
785,TCP,TCP,10.1.27.135,31.205.250.227,50177,80,2018-02-21 17:19:26.891217,66,342.6701835717902,0
786,TCP,TCP,31.205.250.227,10.1.27.135,80,50177,2018-02-21 17:19:26.891675,1456,342.80658593345436,0
787,TCP,TCP,10.1.27.135,31.205.250.227,50177,80,2018-02-21 17:19:26.891684,66,342.94282113644607,0
788,TCP,TCP,31.205.250.227,10.1.27.135,80,50184,2018-02-21 17:19:26.892106,1456,343.078711641228,0
789,TCP,TCP,31.205.250.227,10.1.27.135,80,50184,2018-02-21 17:19:26.892501,1456,343.36418026810645,0
790,TCP,TCP,10.1.27.135,31.205.250.227,50184,80,2018-02-21 17:19:26.892510,54,343.49963234604274,0
791,TCP,TCP,31.205.250.227,10.1.27.135,80,50178,2018-02-21 17:19:26.894400,1456,343.6348128530013,0
792,TCP,TCP,31.205.250.227,10.1.27.135,80,50178,2018-02-21 17:19:26.894782,1456,343.9193822661485,0
793,TCP,TCP,10.1.27.135,31.205.250.227,50178,80,2018-02-21 17:19:26.894805,54,344.0541634892965,0
794,TCP,TCP,31.205.250.227,10.1.27.135,80,50178,2018-02-21 17:19:26.895170,1456,344.18846148996596,0
795,TCP,TCP,31.205.250.227,10.1.27.135,80,50178,2018-02-21 17:19:26.895471,1456,344.32266834418476,0
796,TCP,TCP,10.1.27.135,31.205.250.227,50178,80,2018-02-21 17:19:26.895478,54,344.6043315287017,0
797,TCP,TCP,31.205.250.227,10.1.27.135,80,50183,2018-02-21 17:19:26.895832,1456,344.7397444405428,0
798,TCP,TCP,10.1.27.135,31.205.250.227,50183,80,2018-02-21 17:19:26.895841,66,344.87318281226254,0
799,TCP,TCP,31.205.250.227,10.1.27.135,80,50181,2018-02-21 17:19:26.896082,1456,345.1557365855005,0
800,TCP,TCP,10.1.27.135,31.205.250.227,50181,80,2018-02-21 17:19:26.896091,54,345.2886772312761,0
801,TCP,TCP,31.205.250.227,10.1.27.135,80,50181,2018-02-21 17:19:26.896906,1456,345.57072008970994,0
802,TCP,TCP,31.205.250.227,10.1.27.135,80,50181,2018-02-21 17:19:26.897150,1456,345.70302317199616,0
803,TCP,TCP,10.1.27.135,31.205.250.227,50181,80,2018-02-21 17:19:26.897157,54,345.83513320915677,0
804,TCP,TCP,31.205.250.227,10.1.27.135,80,50180,2018-02-21 17:19:26.897453,1456,345.9669797538419,0
805,TCP,TCP,31.205.250.227,10.1.27.135,80,50180,2018-02-21 17:19:26.897774,1456,346.09874083094496,0
806,TCP,TCP,10.1.27.135,31.205.250.227,50180,80,2018-02-21 17:19:26.897781,54,346.3774598487136,0
807,TCP,TCP,31.205.250.227,10.1.27.135,80,50182,2018-02-21 17:19:26.898058,1456,346.510434920945,0
808,TCP,TCP,10.1.27.135,31.205.250.227,50182,80,2018-02-21 17:19:26.898068,74,346.6413743414423,0
809,TCP,TCP,31.205.250.227,10.1.27.135,80,50182,2018-02-21 17:19:26.898403,1456,346.92117319179994,0
810,TCP,TCP,10.1.27.135,31.205.250.227,50182,80,2018-02-21 17:19:26.898411,74,347.05148465373264,0
811,TCP,TCP,31.205.250.227,10.1.27.135,80,50179,2018-02-21 17:19:26.898669,1456,347.18164319635525,0
812,TCP,TCP,31.205.250.227,10.1.27.135,80,50179,2018-02-21 17:19:26.900763,1456,347.3116138749047,0
813,TCP,TCP,10.1.27.135,31.205.250.227,50179,80,2018-02-21 17:19:26.900775,54,347.44129100977847,0
814,TCP,TCP,31.205.250.227,10.1.27.135,80,50184,2018-02-21 17:19:26.900996,1456,347.7196332517715,0
815,TCP,TCP,31.205.250.227,10.1.27.135,80,50184,2018-02-21 17:19:26.901305,1456,347.9977371316158,0
816,TCP,TCP,10.1.27.135,31.205.250.227,50184,80,2018-02-21 17:19:26.901313,54,348.1267115164362,0
817,TCP,TCP,31.205.250.227,10.1.27.135,80,50178,2018-02-21 17:19:26.901622,1456,348.2520677917183,0
818,TCP,TCP,31.205.250.227,10.1.27.135,80,50178,2018-02-21 17:19:26.902534,1456,348.5326756303385,0
819,TCP,TCP,10.1.27.135,31.205.250.227,50178,80,2018-02-21 17:19:26.902577,54,348.6609181997502,0
820,TCP,TCP,31.205.250.227,10.1.27.135,80,50183,2018-02-21 17:19:26.902813,1456,348.788835931607,0
821,TCP,TCP,10.1.27.135,31.205.250.227,50183,80,2018-02-21 17:19:26.902828,66,349.06533381760516,0
822,TCP,TCP,31.205.250.227,10.1.27.135,80,50181,2018-02-21 17:19:26.903100,1456,349.1927081624195,0
823,TCP,TCP,31.205.250.227,10.1.27.135,80,50181,2018-02-21 17:19:26.903765,1456,349.3199716731942,0
824,TCP,TCP,10.1.27.135,31.205.250.227,50181,80,2018-02-21 17:19:26.903773,54,349.59417029222885,0
825,TCP,TCP,31.205.250.227,10.1.27.135,80,50180,2018-02-21 17:19:26.904063,1456,349.72029356567566,0
826,TCP,TCP,31.205.250.227,10.1.27.135,80,50180,2018-02-21 17:19:26.904351,1456,349.99754046697586,0
827,TCP,TCP,10.1.27.135,31.205.250.227,50180,80,2018-02-21 17:19:26.904363,54,350.1224537010167,0
828,TCP,TCP,31.205.250.227,10.1.27.135,80,50182,2018-02-21 17:19:26.904670,1456,350.32254983638796,0
829,TCP,TCP,10.1.27.135,31.205.250.227,50182,80,2018-02-21 17:19:26.904681,74,350.5226385969893,0
830,TCP,TCP,31.205.250.227,10.1.27.135,80,50182,2018-02-21 17:19:26.904957,1456,350.57385185470883,0
831,TCP,TCP,10.1.27.135,31.205.250.227,50182,80,2018-02-21 17:19:26.904970,66,350.8476617045229,0
832,TCP,TCP,31.205.250.227,10.1.27.135,80,50179,2018-02-21 17:19:26.905316,1456,350.9727090695634,0
833,TCP,TCP,31.205.250.227,10.1.27.135,80,50179,2018-02-21 17:19:26.906025,1456,351.1702758931719,0
834,TCP,TCP,10.1.27.135,31.205.250.227,50179,80,2018-02-21 17:19:26.906033,54,351.3705553836228,0
835,TCP,TCP,31.205.250.227,10.1.27.135,80,50184,2018-02-21 17:19:26.906326,1456,351.49486217934725,0
836,TCP,TCP,31.205.250.227,10.1.27.135,80,50184,2018-02-21 17:19:26.906618,1456,351.6931965598954,0
837,TCP,TCP,10.1.27.135,31.205.250.227,50184,80,2018-02-21 17:19:26.906624,54,351.9651907979388,0
838,TCP,TCP,31.205.250.227,10.1.27.135,80,50181,2018-02-21 17:19:26.906967,1456,352.0888313320212,0
839,TCP,TCP,31.205.250.227,10.1.27.135,80,50181,2018-02-21 17:19:26.907223,1456,352.3604913632144,0
840,TCP,TCP,10.1.27.135,31.205.250.227,50181,80,2018-02-21 17:19:26.907230,54,352.4835374338046,0
841,TCP,TCP,31.205.250.227,10.1.27.135,80,50177,2018-02-21 17:19:26.907586,1456,352.6046494425255,0
842,TCP,TCP,10.1.27.135,31.205.250.227,50177,80,2018-02-21 17:19:26.907609,66,352.7289739919105,0
843,TCP,TCP,31.205.250.227,10.1.27.135,80,50177,2018-02-21 17:19:26.907850,1456,352.7037111814253,0
844,TCP,TCP,10.1.27.135,31.205.250.227,50177,80,2018-02-21 17:19:26.907858,66,352.82607561596933,0
845,TCP,TCP,31.205.250.227,10.1.27.135,80,50183,2018-02-21 17:19:26.909581,1456,352.9481999146954,0
846,TCP,TCP,10.1.27.135,31.205.250.227,50183,80,2018-02-21 17:19:26.909681,54,353.0701549063221,0
847,TCP,TCP,31.205.250.227,10.1.27.135,80,50178,2018-02-21 17:19:26.909832,1456,353.19197616578964,0
848,TCP,TCP,31.205.250.227,10.1.27.135,80,50178,2018-02-21 17:19:26.911279,1456,353.31348861789064,0
849,TCP,TCP,10.1.27.135,31.205.250.227,50178,80,2018-02-21 17:19:26.911339,54,353.5824384625314,0
850,TCP,TCP,31.205.250.227,10.1.27.135,80,50180,2018-02-21 17:19:26.911902,1456,353.70350803724506,0
851,TCP,TCP,31.205.250.227,10.1.27.135,80,50180,2018-02-21 17:19:26.912321,1456,353.97192364680603,0
852,TCP,TCP,10.1.27.135,31.205.250.227,50180,80,2018-02-21 17:19:26.912332,54,354.09251725701455,0
853,TCP,TCP,31.205.250.227,10.1.27.135,80,50179,2018-02-21 17:19:26.912748,1456,354.2129801613518,0
854,TCP,TCP,31.205.250.227,10.1.27.135,80,50179,2018-02-21 17:19:26.913206,1456,354.48055502637624,0
855,TCP,TCP,10.1.27.135,31.205.250.227,50179,80,2018-02-21 17:19:26.913243,54,354.7480474973214,0
856,TCP,TCP,31.205.250.227,10.1.27.135,80,50182,2018-02-21 17:19:26.914308,1456,354.86720407884496,0
857,TCP,TCP,10.1.27.135,31.205.250.227,50182,80,2018-02-21 17:19:26.914361,54,354.98714399130694,0
858,TCP,TCP,31.205.250.227,10.1.27.135,80,50181,2018-02-21 17:19:26.914729,1456,355.10639457629634,0
859,TCP,TCP,31.205.250.227,10.1.27.135,80,50181,2018-02-21 17:19:26.915174,1456,355.3727457094022,0
860,TCP,TCP,10.1.27.135,31.205.250.227,50181,80,2018-02-21 17:19:26.915185,54,355.4915984333186,0
861,TCP,TCP,31.205.250.227,10.1.27.135,80,50184,2018-02-21 17:19:26.915624,1456,355.6102193081619,0
862,TCP,TCP,31.205.250.227,10.1.27.135,80,50184,2018-02-21 17:19:26.916070,1456,355.72850387391424,0
863,TCP,TCP,10.1.27.135,31.205.250.227,50184,80,2018-02-21 17:19:26.916117,54,355.99389643431186,0
864,TCP,TCP,31.205.250.227,10.1.27.135,80,50177,2018-02-21 17:19:26.916558,1456,356.1118220701992,0
865,TCP,TCP,10.1.27.135,31.205.250.227,50177,80,2018-02-21 17:19:26.916570,66,356.2295879052472,0
866,TCP,TCP,31.205.250.227,10.1.27.135,80,50177,2018-02-21 17:19:26.917040,1456,356.4941560165495,0
867,TCP,TCP,10.1.27.135,31.205.250.227,50177,80,2018-02-21 17:19:26.917092,54,356.46446717973,0
868,TCP,TCP,31.205.250.227,10.1.27.135,80,50180,2018-02-21 17:19:26.917444,1456,356.72850238156667,0
869,TCP,TCP,31.205.250.227,10.1.27.135,80,50180,2018-02-21 17:19:26.917871,1456,356.84447774912246,0
870,TCP,TCP,10.1.27.135,31.205.250.227,50180,80,2018-02-21 17:19:26.917885,54,356.962147310975,0
871,TCP,TCP,31.205.250.227,10.1.27.135,80,50183,2018-02-21 17:19:26.918825,1456,357.22550476194573,0
872,TCP,TCP,31.205.250.227,10.1.27.135,80,50183,2018-02-21 17:19:26.919312,1456,357.3416701229053,0
873,TCP,TCP,10.1.27.135,31.205.250.227,50183,80,2018-02-21 17:19:26.919324,54,357.60458210160266,0
874,TCP,TCP,31.205.250.227,10.1.27.135,80,50178,2018-02-21 17:19:26.919725,1456,357.7203281389802,0
875,TCP,TCP,31.205.250.227,10.1.27.135,80,50178,2018-02-21 17:19:26.920156,1456,357.8359191984666,0
876,TCP,TCP,10.1.27.135,31.205.250.227,50178,80,2018-02-21 17:19:26.920165,54,358.0980549683164,0
877,TCP,TCP,31.205.250.227,10.1.27.135,80,50179,2018-02-21 17:19:26.920530,1456,358.21319462392626,0
878,TCP,TCP,31.205.250.227,10.1.27.135,80,50179,2018-02-21 17:19:26.922898,1456,358.47485404162364,0
879,TCP,TCP,10.1.27.135,31.205.250.227,50179,80,2018-02-21 17:19:26.922913,54,358.58912562956004,0
880,TCP,TCP,31.205.250.227,10.1.27.135,80,50181,2018-02-21 17:19:26.923268,1456,358.7040467803749,0
881,TCP,TCP,31.205.250.227,10.1.27.135,80,50181,2018-02-21 17:19:26.923698,1456,358.96493634004537,0
882,TCP,TCP,10.1.27.135,31.205.250.227,50181,80,2018-02-21 17:19:26.923713,54,359.0772147176988,0
883,TCP,TCP,31.205.250.227,10.1.27.135,80,50184,2018-02-21 17:19:26.923985,1456,359.1928620953556,0
884,TCP,TCP,31.205.250.227,10.1.27.135,80,50184,2018-02-21 17:19:26.924329,1456,359.45302049370923,0
885,TCP,TCP,10.1.27.135,31.205.250.227,50184,80,2018-02-21 17:19:26.924357,54,359.56648125346726,0
886,TCP,TCP,31.205.250.227,10.1.27.135,80,50180,2018-02-21 17:19:26.924594,1456,359.6793743618035,0
887,TCP,TCP,31.205.250.227,10.1.27.135,80,50180,2018-02-21 17:19:26.924998,1456,359.86562093556705,0
888,TCP,TCP,10.1.27.135,31.205.250.227,50180,80,2018-02-21 17:19:26.925009,54,360.05160555879775,0
889,TCP,TCP,31.205.250.227,10.1.27.135,80,50182,2018-02-21 17:19:26.925295,1456,360.23739826244895,0
890,TCP,TCP,31.205.250.227,10.1.27.135,80,50177,2018-02-21 17:19:26.925601,1456,360.4229646513405,0
891,TCP,TCP,31.205.250.227,10.1.27.135,80,50177,2018-02-21 17:19:26.925903,1456,360.53514323581686,0
892,TCP,TCP,10.1.27.135,31.205.250.227,50177,80,2018-02-21 17:19:26.925914,54,360.7933505508018,0
893,TCP,TCP,31.205.250.227,10.1.27.135,80,50183,2018-02-21 17:19:26.927099,1456,360.9051621152599,0
894,TCP,TCP,31.205.250.227,10.1.27.135,80,50178,2018-02-21 17:19:26.927348,1456,361.0898344038154,0
895,TCP,TCP,31.205.250.227,10.1.27.135,80,50178,2018-02-21 17:19:26.927828,1456,361.2742477018211,0
896,TCP,TCP,10.1.27.135,31.205.250.227,50178,80,2018-02-21 17:19:26.927865,54,361.5315986675045,0
897,TCP,TCP,31.205.250.227,10.1.27.135,80,50179,2018-02-21 17:19:26.928242,1456,361.64215994998534,0
898,TCP,TCP,31.205.250.227,10.1.27.135,80,50179,2018-02-21 17:19:26.928698,1456,361.8990848571941,0
899,TCP,TCP,10.1.27.135,31.205.250.227,50179,80,2018-02-21 17:19:26.928707,54,362.0094583614832,0
900,TCP,TCP,31.205.250.227,10.1.27.135,80,50181,2018-02-21 17:19:26.929078,1456,362.26592399185694,0
901,TCP,TCP,31.205.250.227,10.1.27.135,80,50181,2018-02-21 17:19:26.931036,1456,362.3759027710854,0
902,TCP,TCP,10.1.27.135,31.205.250.227,50181,80,2018-02-21 17:19:26.931055,54,362.63187584529163,0
903,TCP,TCP,31.205.250.227,10.1.27.135,80,50180,2018-02-21 17:19:26.931499,1456,362.741461638369,0
904,TCP,TCP,31.205.250.227,10.1.27.135,80,50180,2018-02-21 17:19:26.931911,1456,362.7037709551983,0
905,TCP,TCP,10.1.27.135,31.205.250.227,50180,80,2018-02-21 17:19:26.931951,54,362.81318239332273,0
906,TCP,TCP,31.205.250.227,10.1.27.135,80,50184,2018-02-21 17:19:26.932327,1456,362.9233886225462,0
907,TCP,TCP,31.205.250.227,10.1.27.135,80,50184,2018-02-21 17:19:26.932780,1456,363.1781142686339,0
908,TCP,TCP,10.1.27.135,31.205.250.227,50184,80,2018-02-21 17:19:26.932791,54,363.28678754833305,0
909,TCP,TCP,31.205.250.227,10.1.27.135,80,50178,2018-02-21 17:19:26.933248,1456,363.5409917099104,0
910,TCP,TCP,31.205.250.227,10.1.27.135,80,50178,2018-02-21 17:19:26.933685,1456,363.7950613567892,0
911,TCP,TCP,10.1.27.135,31.205.250.227,50178,80,2018-02-21 17:19:26.933720,54,363.903100910298,0
912,TCP,TCP,31.205.250.227,10.1.27.135,80,50179,2018-02-21 17:19:26.934567,1456,364.01096751397847,0
913,TCP,TCP,31.205.250.227,10.1.27.135,80,50179,2018-02-21 17:19:26.935003,1456,364.11862696054664,0
914,TCP,TCP,10.1.27.135,31.205.250.227,50179,80,2018-02-21 17:19:26.935017,54,364.37175483261933,0
915,TCP,TCP,31.205.250.227,10.1.27.135,80,50181,2018-02-21 17:19:26.935422,1456,364.4791355042597,0
916,TCP,TCP,31.205.250.227,10.1.27.135,80,50181,2018-02-21 17:19:26.935891,1456,364.73171249440605,0
917,TCP,TCP,10.1.27.135,31.205.250.227,50181,80,2018-02-21 17:19:26.935927,54,364.83864296507033,0
918,TCP,TCP,31.205.250.227,10.1.27.135,80,50180,2018-02-21 17:19:26.936327,1456,364.9449187218036,0
919,TCP,TCP,31.205.250.227,10.1.27.135,80,50180,2018-02-21 17:19:26.937462,1456,365.0517509496204,0
920,TCP,TCP,10.1.27.135,31.205.250.227,50180,80,2018-02-21 17:19:26.937491,54,365.1580331868793,0
921,TCP,TCP,31.205.250.227,10.1.27.135,80,50177,2018-02-21 17:19:26.937829,1456,365.11911068288106,0
922,TCP,TCP,31.205.250.227,10.1.27.135,80,50183,2018-02-21 17:19:26.939052,1456,365.22426601662323,0
923,TCP,TCP,10.1.27.135,31.205.250.227,50183,80,2018-02-21 17:19:26.939105,54,365.3311500335384,0
924,TCP,TCP,31.205.250.227,10.1.27.135,80,50182,2018-02-21 17:19:26.939458,1456,365.2919919671402,0
925,TCP,TCP,10.1.27.135,31.205.250.227,50182,80,2018-02-21 17:19:26.939471,54,365.3976475237461,0
926,TCP,TCP,31.205.250.227,10.1.27.135,80,50182,2018-02-21 17:19:26.939896,1456,365.5031014248213,0
927,TCP,TCP,31.205.250.227,10.1.27.135,80,50184,2018-02-21 17:19:26.940303,1456,365.6064976653811,0
928,TCP,TCP,31.205.250.227,10.1.27.135,80,50184,2018-02-21 17:19:26.940814,1456,365.7136122241467,0
929,TCP,TCP,10.1.27.135,31.205.250.227,50184,80,2018-02-21 17:19:26.940843,54,365.8184980866509,0
930,TCP,TCP,31.205.250.227,10.1.27.135,80,50177,2018-02-21 17:19:26.941201,1456,365.92349299045037,0
931,TCP,TCP,10.1.27.135,31.205.250.227,50177,80,2018-02-21 17:19:26.941215,54,366.17248088257304,0
932,TCP,TCP,31.205.250.227,10.1.27.135,80,50181,2018-02-21 17:19:26.941677,1456,366.2769356239053,0
933,TCP,TCP,31.205.250.227,10.1.27.135,80,50181,2018-02-21 17:19:26.943157,1456,366.5254557373438,0
934,TCP,TCP,10.1.27.135,31.205.250.227,50181,80,2018-02-21 17:19:26.943170,54,366.62950932039223,0
935,TCP,TCP,31.205.250.227,10.1.27.135,80,50178,2018-02-21 17:19:26.943666,1456,366.877665977755,0
936,TCP,TCP,31.205.250.227,10.1.27.135,80,50178,2018-02-21 17:19:26.944042,1456,367.1255931390289,0
937,TCP,TCP,10.1.27.135,31.205.250.227,50178,80,2018-02-21 17:19:26.944056,54,367.2289429339086,0
938,TCP,TCP,31.205.250.227,10.1.27.135,80,50179,2018-02-21 17:19:26.944483,1456,367.4764742161676,0
939,TCP,TCP,31.205.250.227,10.1.27.135,80,50179,2018-02-21 17:19:26.944880,1456,367.5794954471753,0
940,TCP,TCP,10.1.27.135,31.205.250.227,50179,80,2018-02-21 17:19:26.944893,54,367.8265292528131,0
941,TCP,TCP,31.205.250.227,10.1.27.135,80,50180,2018-02-21 17:19:26.945329,1456,367.9291205746154,0
942,TCP,TCP,31.205.250.227,10.1.27.135,80,50180,2018-02-21 17:19:26.947082,1456,368.0315854236169,0
943,TCP,TCP,10.1.27.135,31.205.250.227,50180,80,2018-02-21 17:19:26.947096,54,368.27799274678625,0
944,TCP,TCP,31.205.250.227,10.1.27.135,80,50183,2018-02-21 17:19:26.947429,1456,368.3076583623511,0
945,TCP,TCP,31.205.250.227,10.1.27.135,80,50177,2018-02-21 17:19:26.947952,1456,368.40950420993113,0
946,TCP,TCP,31.205.250.227,10.1.27.135,80,50184,2018-02-21 17:19:26.948285,1456,368.5113278034196,0
947,TCP,TCP,31.205.250.227,10.1.27.135,80,50184,2018-02-21 17:19:26.948787,1456,368.68484389162427,0
948,TCP,TCP,10.1.27.135,31.205.250.227,50184,80,2018-02-21 17:19:26.948795,54,368.85819109213355,0
949,TCP,TCP,31.205.250.227,10.1.27.135,80,50181,2018-02-21 17:19:26.949210,1456,369.03126710830446,0
950,TCP,TCP,31.205.250.227,10.1.27.135,80,50181,2018-02-21 17:19:26.949597,1456,369.13231428713567,0
951,TCP,TCP,10.1.27.135,31.205.250.227,50181,80,2018-02-21 17:19:26.949607,54,369.3050968541161,0
952,DNS,UDP,10.1.27.254,10.1.27.135,53,62002,2018-02-21 17:19:26.949757,82,369.4776093728848,0
953,TCP,TCP,31.205.250.227,10.1.27.135,80,50179,2018-02-21 17:19:26.950875,1456,369.64998895814045,0
954,TCP,TCP,31.205.250.227,10.1.27.135,80,50179,2018-02-21 17:19:26.951199,1456,369.8755993174427,0
955,TCP,TCP,10.1.27.135,31.205.250.227,50179,80,2018-02-21 17:19:26.951226,54,370.1186237504931,0
956,TCP,TCP,31.205.250.227,10.1.27.135,80,50178,2018-02-21 17:19:26.951477,1456,370.2192740746814,0
957,TCP,TCP,31.205.250.227,10.1.27.135,80,50178,2018-02-21 17:19:26.951794,1456,370.46270198849817,0
958,TCP,TCP,10.1.27.135,31.205.250.227,50178,80,2018-02-21 17:19:26.951802,54,370.70594102904226,0
959,TCP,TCP,31.205.250.227,10.1.27.135,80,50182,2018-02-21 17:19:26.952083,1456,370.80509263864315,0
960,TCP,TCP,10.1.27.135,31.205.250.227,50182,80,2018-02-21 17:19:26.952094,54,371.0479503690776,0
961,TCP,TCP,31.205.250.227,10.1.27.135,80,50180,2018-02-21 17:19:26.952426,1456,371.14675602049505,0
962,TCP,TCP,31.205.250.227,10.1.27.135,80,50180,2018-02-21 17:19:26.952702,1456,371.3891653473731,0
963,TCP,TCP,10.1.27.135,31.205.250.227,50180,80,2018-02-21 17:19:26.952711,54,371.48762652086936,0
964,TCP,TCP,31.205.250.227,10.1.27.135,80,50181,2018-02-21 17:19:26.953162,1456,371.72962290392877,0
965,TCP,TCP,31.205.250.227,10.1.27.135,80,50181,2018-02-21 17:19:26.953432,1456,371.82770689656917,0
966,TCP,TCP,10.1.27.135,31.205.250.227,50181,80,2018-02-21 17:19:26.953440,54,372.06819824743906,0
967,TCP,TCP,31.205.250.227,10.1.27.135,80,50183,2018-02-21 17:19:26.954706,1456,372.1669657417423,0
968,TCP,TCP,10.1.27.135,31.205.250.227,50183,80,2018-02-21 17:19:26.954716,54,372.26452334878746,0
969,TCP,TCP,31.205.250.227,10.1.27.135,80,50177,2018-02-21 17:19:26.955025,1456,372.36193059997254,0
970,TCP,TCP,10.1.27.135,31.205.250.227,50177,80,2018-02-21 17:19:26.955034,54,372.459153744874,0
971,TCP,TCP,31.205.250.227,10.1.27.135,80,50182,2018-02-21 17:19:26.955434,1456,372.41297433817715,0
